product_id,product_name,discounted_price,actual_price,discount_percentage,rating,rating_count
B07JW9H4J1,Wayona,399,1099,64,4.2,24269.0
B098NS6PVG,Ambrane,199,349,43,4.0,43994.0
B096MSW6CT,Sounce,199,1899,90,3.9,7928.0
B08HDJ86NZ,boAt,329,699,53,4.2,94363.0
B08CF3B7N1,Portronics,154,399,61,4.2,16905.0
B08Y1TFSP6,pTron,149,1000,85,3.9,24871.0
B08WRWPM22,boAt,176.63,499,65,4.1,15188.0
B08DDRGWTJ,MI,229,299,23,4.3,30411.0
B008IFXQFU,TP-Link,499,999,50,4.2,179691.0
B082LZGK39,Ambrane,199,299,33,4.0,43994.0
B08CF3D7QR,Portronics,154,339,55,4.3,13391.0
B0789LZTCJ,boAt,299,799,63,4.2,94363.0
B07KSMBL2H,AmazonBasics,219,700,69,4.4,426973.0
B085DTN6R2,Portronics,350,899,61,4.2,2262.0
B09KLVMZ3B,Portronics,159,399,60,4.1,4768.0
B083342NKJ,MI,349,399,13,4.4,18757.0
B0B6F7LX4C,MI,13999,24999,44,4.2,32840.0
B082LSVT4B,Ambrane,249,399,38,4.0,43994.0
B08WRBG3XW,boAt,199,499,60,4.1,13045.0
B08DPLCM6T,LG,13490,21990,39,4.3,11976.0
B09C6HXFC1,Duracell,970,1799,46,4.5,815.0
B085194JFL,tizum,279,499,44,3.7,10962.0
B09F6S8BT6,Samsung,13490,22900,41,4.3,16299.0
B09NHVCHS9,Flix,59,199,70,4.0,9378.0
B0B1YVCJ2Y,Acer,11499,19990,42,4.3,4703.0
B01M4GGIVU,Tizum,199,699,72,4.2,12153.0
B08B42LWKN,OnePlus,14999,19999,25,4.2,34899.0
B094JNXNPV,Ambrane,299,399,25,4.0,2766.0
B09W5XR9RT,Duracell,970,1999,51,4.4,184.0
B077Z65HSD,boAt,299,999,70,4.3,20850.0
B00NH11PEY,AmazonBasics,199,750,73,4.5,74976.0
B09CMM3VGK,Ambrane,179,499,64,4.0,1934.0
B08QSC1XY8,Zoul,389,1099,65,4.3,974.0
B008FWZGSG,Samsung,599,599,0,4.3,355.0
B0B4HJNPV4,pTron,199,999,80,3.9,1075.0
B08Y1SJVV5,pTron,99,666.66,85,3.9,24871.0
B07XLCFSSN,Amazonbasics,899,1900,53,4.4,13552.0
B09RZS1NQT,Sounce,199,999,80,4.0,576.0
B0B3MMYHYW,OnePlus,32999,45999,28,4.2,7298.0
B09C6HWG18,Duracell,970,1999,51,4.2,462.0
B00NH11KIK,AmazonBasics,209,695,70,4.5,107687.0
B09JPC82QC,Mi,19999,34999,43,4.3,27151.0
B07JW1Y6XV,Wayona,399,1099,64,4.2,24269.0
B07KRCW6LZ,TP-Link,999,1599,38,4.3,12093.0
B09NJN8L25,FLiX,59,199,70,4.0,9378.0
B07XJYYH7L,Wecool,333,999,67,3.3,9792.0
B002PD61Y4,D-Link,507,1208,58,4.1,8131.0
B014I8SSD0,Amazon,309,475,35,4.4,426973.0
B09L8DSSFH,7SEVEN®,399,999,60,3.6,493.0
B07232M876,Amazonbasics,199,395,50,4.2,92595.0
B07P681N66,TP-Link,1199,2199,45,4.4,24780.0
B0711PVX6Z,AmazonBasics,179,500,64,4.2,92595.0
B082T6V3DT,AmazonBasics,799,2100,62,4.3,8188.0
B07MKFNHKG,VW,6999,12999,46,4.2,4003.0
B0BFWGBX61,Ambrane,199,349,43,4.1,314.0
B01N90RZ4M,Tata,230,499,54,3.7,2960.0
B0088TKTY2,TP-LINK,649,1399,54,4.2,179691.0
B09Q5SWVBJ,OnePlus,15999,21999,27,4.2,34899.0
B0B4DT8MKT,Wecool,348,1499,77,4.2,656.0
B08CDKQ8T6,Portronics,154,349,56,4.3,7064.0
B07B275VN9,Airtel,179,799,78,3.7,2201.0
B0B15CPR37,Samsung,32990,47900,31,4.3,7109.0
B0994GFWBH,Lapster,139,999,86,4.0,1313.0
B01GGKZ0V6,AmazonBasics,329,845,61,4.2,29746.0
B09F9YQQ7B,Redmi,13999,24999,44,4.2,45238.0
B014I8SX4Y,Amazon,309,1400,78,4.4,426973.0
B09Q8HMKZX,Portronics,263,699,62,4.1,450.0
B0B9XN9S3W,Acer,7999,14990,47,4.3,457.0
B07966M8XH,Model-P4,1599,2999,47,4.2,2727.0
B01GGKYKQM,Amazon,219,700,69,4.3,20053.0
B0B86CDHL1,oraimo,349,899,61,4.5,149.0
B0B5ZF3NRK,CEDO,349,599,42,4.1,210.0
B09RFC46VP,Redmi,26999,42999,37,4.2,45238.0
B08R69VDHT,Pinnaclz,115,499,77,4.0,7732.0
B09RWZRCP1,boAt,399,999,60,4.1,1780.0
B09CMP1SC8,Ambrane,199,499,60,4.1,602.0
B09YLXYP7Y,Ambrane,179,399,55,4.0,1423.0
B09ZPM4C2C,TCL,10901,30990,65,4.1,398.0
B0B2DJDCPX,SWAPKART,209,499,58,3.9,536.0
B0BCZCQTJX,Firestick,1434,3999,64,4.0,32.0
B07LGT55SJ,Wayona,399,1099,64,4.2,24269.0
B09NKZXMWJ,Flix,139,249,44,4.0,9378.0
B08QX1CC14,SKYWALL,7299,19125,62,3.4,902.0
B0974H97TJ,boAt,299,799,63,4.4,28791.0
B07GVGTSLN,Wayona,325,1299,75,4.2,10576.0
B09VCHLSJF,OnePlus,29999,39999,25,4.2,7298.0
B0B1YZX72F,Acer,27999,40990,32,4.3,4703.0
B092BJMT8Q,Samsung,30990,52900,41,4.3,7109.0
B0BMXMLSMM,Lapster,199,999,80,4.5,127.0
B07JH1C41D,Wayona,649,1999,68,4.2,24269.0
B0141EZMAI,Gizga,269,800,66,3.6,10134.0
B09Q5P2MT3,OnePlus,24999,31999,22,4.2,34899.0
B08HDH26JX,boAt,299,699,57,4.2,94363.0
B09VT6JKRP,Lapster,199,999,80,4.1,425.0
B09T3KB6JZ,TCL,18990,40990,54,4.2,6659.0
B093QCY6YJ,ZEBRONICS,290,349,17,3.7,1977.0
B093ZNQZ2Y,LOHAYA,249,799,69,3.8,1079.0
B08LKS3LSP,Gilary,345,999,65,3.7,1097.0
B00V4BGDKU,TP-Link,1099,1899,42,4.5,22420.0
B08CHKQ8D4,Wayona,719,1499,52,4.1,1045.0
B09BW334ML,Dealfreez,349,1499,77,4.3,4145.0
B082T6GVLJ,Amazon,849,1809,53,4.3,6547.0
B07DL1KC3H,Isoelite,299,899,67,4.0,1588.0
B0B6F98KJJ,MI,21999,29999,27,4.2,32840.0
B07JNVF678,Wayona,349,999,65,4.2,13120.0
B09QGZFBPM,Wayona,399,999,60,4.3,2806.0
B07JGDB5M1,Wayona,449,1299,65,4.2,24269.0
B0981XSZJ7,CROSSVOLT,299,999,70,4.3,766.0
B0B9XLX8VR,VU,37999,65000,42,4.3,3587.0
B08Y5KXR6Z,PTron,99,800,88,3.9,24871.0
B09F6VHQXB,Croma,7390,20000,63,4.1,2581.0
B0974G5Q2Y,boAt,273.10,999,73,4.3,20850.0
B09YL9SN9B,LG,15990,23990,33,4.3,1035.0
B09RX1FK54,boAt,399,999,60,4.1,1780.0
B09TT6BFDX,Cotbolt,399,1999,80,4.5,505.0
B09KH58JZR,Portronics,210,399,47,4.1,1717.0
B09DDCQFMT,Electvision,1299,1999,35,3.6,590.0
B08RP2L2NL,King,347,999,65,3.5,1121.0
B0B4G2MWSB,Lapster,149,999,85,4.0,1313.0
B0B21C4BMX,Portronics,228,899,75,3.8,132.0
B084MZXJNK,Belkin,1599,1999,20,4.4,1951.0
B0BHZCNC4P,Remote,1499,3999,63,3.7,37.0
B0B16KD737,VW,8499,15999,47,4.3,592.0
B099K9ZX65,Hisense,20990,44990,53,4.1,1259.0
B08Y55LPBF,Redmi,32999,44999,27,4.2,45238.0
B015OW3M1W,AmazonBasics,799,1700,53,4.1,28638.0
B01D5H8ZI8,AmazonBasics,229,595,62,4.3,12835.0
B09X1M3DHX,iFFALCON,9999,27990,64,4.2,1269.0
B09MM6P76N,7SEVEN®,349,599,42,4.2,284.0
B01D5H8LDM,AmazonBasics,489,1200,59,4.4,69538.0
B0B1YY6JJL,Acer,23999,34990,31,4.3,4703.0
B09QGZM8QB,Wayona,399,999,60,4.3,2806.0
B08L4SBJRY,Saifsmart,349,1299,73,4.0,3295.0
B09X79PP8F,MI,179,299,40,3.9,81.0
B082T6GVG9,AmazonBasics,689,1500,54,4.2,42301.0
B0B3XY5YT4,LG,30990,49990,38,4.3,1376.0
B0B4HKH19N,pTron,249,931,73,3.9,1075.0
B08TGG316Z,10k,999,2399,58,4.6,3664.0
B071VMP1Z4,LRIPL,399,399,0,3.9,1951.0
B071SDRGWL,boAt,349,699,50,4.3,20850.0
B08PSQRW2T,Zoul,399,1099,64,4.1,2685.0
B0859M539M,TP-LINK,1699,2999,43,4.4,24780.0
B08RX8G496,LRIPL,655,1099,40,3.2,285.0
B002SZEOLG,TP-Link,749,1339,44,4.2,179692.0
B08CS3BT4L,Kodak,9999,12999,23,4.2,6088.0
B00RFWNJMC,Airtel,195,499,61,3.7,1383.0
B082T6GXS5,AmazonBasics,999,2100,52,4.5,5492.0
B09CMQRQM6,Ambrane,499,899,44,4.2,919.0
B005LJQMCK,BlueRigger,416,599,31,4.2,30023.0
B09C6H53KH,Duracell,368,699,47,4.2,387.0
B0BB3CBFBM,VU,29990,65000,54,4.1,211.0
B08QSDKFGQ,Zoul,339,1099,69,4.3,974.0
B08PV1X771,Samsung,15490,20900,26,4.3,16299.0
B07YTNKVJQ,MI,499,1299,62,4.3,30411.0
B0117H7GZ6,GENERIC,249,399,38,3.4,4642.0
B09XJ1LM7R,7SEVEN®,399,799,50,4.3,12.0
B084N133Y7,Belkin,1499,1999,25,4.4,1951.0
B088Z1YWBC,EGate,9490,15990,41,3.9,10480.0
B07VSG5SXZ,ZEBRONICS,637,1499,58,4.1,24.0
B08RWCZ6SY,7SEVEN®,399,899,56,3.9,254.0
B07KSB1MLX,AmazonBasics,1089,1600,32,4.0,3565.0
B081FG1QYX,Wayona,339,999,66,4.3,6255.0
B08R69WBN7,Pinnaclz,149,499,70,4.0,7732.0
B0B3RHX6B6,Ambrane,149,399,63,3.9,57.0
B084N18QZY,Belkin,599,849,29,4.5,577.0
B081NHWT6Z,LOHAYA,299,1199,75,3.9,1193.0
B07JPJJZ2H,Wayona,399,1299,69,4.2,13120.0
B09JKNF147,Electvision,339,1999,83,4.0,343.0
B0B9959XF3,Acer,12499,22990,46,4.3,1611.0
B09PNR6F8Q,realme,249,399,38,4.0,6558.0
B07M69276N,TP-Link,1399,2499,44,4.4,23169.0
B0B1YZ9CB8,Acer,32999,47990,31,4.3,4703.0
B09YLYB9PB,Ambrane,149,399,63,4.0,1423.0
B08CTNJ985,Wayona,325,999,67,4.3,2651.0
B0BP7XLX48,Syncwire,399,1999,80,5.0,5.0
B09LHXNZLR,Skadioo,199,499,60,3.7,612.0
B0B3N8VG24,FLiX,88,299,71,4.0,9378.0
B08PSVBB2X,Zoul,399,1099,64,4.1,2685.0
B0B3MQXNFB,FLiX,57.89,199,71,4.0,9378.0
B08XMSKKMM,7SEVEN®,799,1999,60,3.3,576.0
B09L8DT7D6,Sony,205,499,59,3.8,313.0
B00GE55L22,Storite,299,699,57,4.1,2957.0
B0162K34H2,boAt,849,999,15,4.1,6736.0
B0B8SRZ5SV,AmazonBasics,949,1999,53,4.4,13552.0
B07CWNJLPC,AmazonBasics,499,1200,58,4.3,5451.0
B00NH12R1O,Amazon,299,485,38,4.3,10911.0
B0B8SSC5D9,AmazonBasics,949,1999,53,4.4,13552.0
B08WKG2MWT,Wayona,379,1099,66,4.3,2806.0
B0B466C3G4,Karbonn,8990,18990,53,3.9,350.0
B005LJQMZC,BlueRigger,486,1999,76,4.2,30023.0
B07MDRGHWQ,VW,5699,11000,48,4.2,4003.0
B07DC4RZPY,Amazon,709,1999,65,4.1,178817.0
B0B15GSPQW,Samsung,47990,70900,32,4.3,7109.0
B08GJNM9N7,LOHAYA,299,1199,75,3.7,490.0
B09C6FML9B,Duracell,320,599,47,4.1,491.0
B0B65MJ45G,Zebronics,139,549,75,3.9,61.0
B08P9RYPLR,FLiX,129,249,48,4.0,9378.0
B0B6F8HHR6,MI,24999,35999,31,4.2,32840.0
B084MZXJN6,Belkin,999,1699,41,4.4,7318.0
B08XMG618K,Time,225,499,55,4.1,789.0
B0BCKWZ884,Caldipree,547,2999,82,4.3,407.0
B00GGGOYEK,Storite,259,699,63,3.8,2399.0
B07ZR4S1G4,Universal,239,699,66,4.4,2640.0
B09C635BMM,Cotbolt,349,999,65,4.0,839.0
B00GG59HU2,BlueRigger,467,599,22,4.4,44054.0
B00RGLI0ZS,Amkette,449,599,25,4.0,3231.0
B09ZPJT8B2,TCL,11990,31990,63,4.2,64.0
B07HZ2QCGR,POPIO,350,599,42,3.9,8314.0
B095244Q22,MYVN,252,999,75,3.7,2249.0
B08CKW1KH9,Tata,204,599,66,3.6,339.0
B0BLV1GNLN,WZATCO,6490,9990,35,4.0,27.0
B08RHPDNVV,7SEVEN®,235,599,61,3.5,197.0
B00NH13Q8W,AmazonBasics,299,800,63,4.5,74977.0
B0B8SSZ76F,Amazon,799,1999,60,4.2,8583.0
B0841KQR1Z,Crypo™,299,999,70,3.8,928.0
B0B467CCB9,Karbonn,6999,16990,59,3.8,110.0
B095JQVC7N,OnePlus,42999,59999,28,4.1,6753.0
B08PPHFXG3,Posh,173,999,83,4.3,1237.0
B06XR9PR5X,Amazon,209,600,65,4.4,18872.0
B09JSW16QD,boAt,848.99,1490,43,3.9,356.0
B07JH1CBGW,Wayona,649,1999,68,4.2,24269.0
B09127FZCK,Astigo,299,899,67,3.8,425.0
B083GQGT3Z,Caprigo,399,799,50,4.1,1161.0
B09Q8WQ5QJ,Portronics,249,499,50,4.1,1508.0
B07YZG8PPY,TATA,1249,2299,46,4.3,7636.0
B09H39KTTB,Remote,213,499,57,3.7,246.0
B08DCVRW98,SoniVision,209,499,58,4.0,479.0
B0718ZN31Q,Rts™,598,4999,88,4.2,910.0
B0162LYSFS,boAt,799,1749,54,4.1,5626.0
B07PFJ5VQD,Agaro,159,595,73,4.3,14184.0
B01J8S6X2I,AmazonBasics,499,1100,55,4.4,25177.0
B09MJ77786,MI,31999,49999,36,4.3,21252.0
B09NNGHG22,Sansui,32990,56790,42,4.3,567.0
B07V5YF4ND,LOHAYA,299,1199,75,3.5,466.0
B0B65P827P,Zebronics,128.31,549,77,3.9,61.0
B084MZYBTV,Belkin,599,849,29,4.5,474.0
B097ZQTDVZ,7SEVEN®,399,899,56,3.4,431.0
B0B5F3YZY4,Wayona,449,1099,59,4.0,242.0
B09G5TSGXV,Hi-Mobiler,254,799,68,4.0,2905.0
B006LW0WDQ,Amazon,399,795,50,4.4,12091.0
B09YLX91QR,Ambrane,179,399,55,4.0,1423.0
B081FJWN52,Wayona,339,999,66,4.3,6255.0
B0758F7KK7,Caprigo,399,999,60,4.0,1236.0
B09L835C3V,Smashtronics®,199,399,50,4.2,1335.0
B098TV3L96,Electvision,349,1999,83,3.8,197.0
B08NCKT9FG,Boat,299,798,63,4.4,28791.0
B0B4T6MR8N,pTron,89,800,89,3.9,1075.0
B01GGKZ4NU,AmazonBasics,549,995,45,4.2,29746.0
B09BW2GP18,Croma,129,1000,87,3.9,295.0
B09WN3SRC7,Sony,77990,139900,44,4.7,5935.0
B09B125CFJ,7SEVEN®,349,799,56,3.6,323.0
B09RQRZW2X,7SEVEN®,499,899,44,3.7,185.0
B07924P3C5,Storite,299,799,63,4.2,2117.0
B08N1WL9XW,FLiX,182,599,70,4.0,9378.0
B07VVXJ2P5,SVM,96,399,76,3.6,1796.0
B0BC8BQ432,VU,54990,85000,35,4.3,3587.0
B06XFTHCNY,CableCreation,439,758,42,4.2,4296.0
B08CT62BM1,Wayona,299,999,70,4.3,2651.0
B07CRL2GY6,boAt,299,799,63,4.2,94363.0
B07DWFX9YS,Amazon,789,1999,61,4.2,34540.0
B01D5H90L4,AmazonBasics,299,700,57,4.4,8714.0
B07F1P8KNV,Wayona,325,1099,70,4.2,10576.0
B084N1BM9L,Belkin,1299,1999,35,4.4,7318.0
B09F6D21BY,7SEVEN,790,1999,60,3.0,103.0
B09LQQYNZQ,Realme,4699,4699,0,4.5,224.0
B0BC9BW512,Acer,18999,24990,24,4.3,4702.0
B0B61HYR92,Lapster,199,999,80,4.2,85.0
B075ZTJ9XR,AmazonBasics,269,650,59,4.4,35877.0
B0978V2CP6,Cubetek,1990,3100,36,4.0,897.0
B09LRZYBH1,KRISONS,2299,3999,43,3.8,282.0
B0B997FBZT,Acer,35999,49990,28,4.3,1611.0
B098LCVYPW,Dealfreez,349,999,65,4.2,513.0
B09HV71RL1,Wayona,719,1499,52,4.1,1045.0
B08PZ6HZLT,VW,8999,18999,53,4.0,6347.0
B075TJHWVC,Airtel,917,2299,60,4.2,3300.0
B09LV13JFB,LOHAYA,399,999,60,3.3,23.0
B092BL5DCX,Samsung,45999,69900,34,4.3,7109.0
B09VH568H7,Amazon,119,299,60,3.8,51.0
B09HQSV46W,Mi,21999,29999,27,4.2,32840.0
B08TZD7FQN,Astigo,299,599,50,3.7,708.0
B0B21XL94T,Toshiba,21990,34990,37,4.3,1657.0
B09PTT8DZF,Lenovo,417.44,670,38,3.9,523.0
B0B94JPY2N,Amazon,199,999,80,3.0,18295.541353383458
B0B3XXSB1K,LG,47990,79990,40,4.3,1376.0
B08RZ12GKR,Tata,215,499,57,3.5,121.0
B0B4T8RSJ1,pTron,99,800,88,3.9,1075.0
B0B7B9V9QP,VU,18999,35000,46,4.0,1001.0
B08XXVXP3J,Storite,249,999,75,4.3,112.0
B06XGWRKYT,Kodak,7999,15999,50,3.8,3022.0
B07CWDX49D,AmazonBasics,649,1600,59,4.3,5451.0
B09TY4MSH3,Firestick,1289,2499,48,3.3,73.0
B07RY2X9MP,AmazonBasics,609,1500,59,4.5,1029.0
B0B2C5MJN6,Hisense,32990,54990,40,4.1,1555.0
B0BBMGLQDW,Tuarso,599,1999,70,4.2,47.0
B01LONQBDG,AmazonBasics,349,899,61,4.1,14896.0
B08XXF5V6G,Kodak,29999,50999,41,4.4,1712.0
B09HK9JH4F,Smashtronics®,199,399,50,4.2,1335.0
B09MMD1FDN,7SEVEN®,349,699,50,3.9,214.0
B09HN7LD5L,PROLEGEND®,1850,4500,59,4.0,184.0
B0BNDD9TN6,WANBO,13990,28900,52,4.5,7.0
B0941392C8,Lava,129,449,71,3.7,41.0
B01M5967SY,TIZUM,379,999,62,4.2,12153.0
B016MDK4F4,Technotech,185,499,63,4.2,25.0
B08G43CCLC,NK,218,999,78,4.2,163.0
B0B61GCHC1,LS,199,999,80,4.3,87.0
B07RX14W1Q,Amazon,499,900,45,4.4,2165.0
B09PLD9TCD,Kodak,26999,42999,37,4.2,1510.0
B0B8ZKWGKD,ZORBES®,893,1052,15,4.3,106.0
B09NNJ9WYM,Sansui,10990,19990,45,3.7,129.0
B08H5L8V1L,Synqe,379,1099,66,4.3,3049.0
B0B8CXTTG3,MI,16999,25999,35,4.2,32840.0
B09HCH3JZG,Bestor,699,1899,63,4.4,390.0
B097JVLW3L,Irusu,2699,3500,23,3.5,621.0
B09SB6SJB4,Amazon,129,599,78,4.1,265.0
B08NW8GHCJ,Synqe,389,999,61,4.3,838.0
B09YHLPQYT,Shopoflux,246,600,59,4.2,143.0
B08G1RW2Q3,EYNK,299,799,63,4.0,151.0
B08YXJJW8H,"LUNAGARIYA®,",247,399,38,3.9,200.0
B09P8M18QM,7SEVEN®,1369,2999,54,3.3,227.0
B08BG4M4N7,PRUSHTI,199,499,60,3.8,538.0
B07VJ9ZTXS,Aine,299,599,50,4.0,171.0
B084872DQY,Mi,14999,14999,0,4.3,27508.0
B00GGGOYEU,Storite,299,699,57,3.9,1454.0
B08FD2VSD9,TCL,24990,51990,52,4.2,2951.0
B0BQRJ3C47,REDTECH,249,999,75,5.0,18295.541353383458
B095JPKPH3,OnePlus,61999,69999,11,4.1,6753.0
B087JWLZ2K,AmazonBasics,24499,50000,51,3.9,3518.0
B09DSXK8JX,Kodak,10499,19499,46,4.2,1510.0
B08V9C4B1J,Synqe,349,999,65,4.3,838.0
B08PKBMJKS,Airtel,197,499,61,3.8,136.0
B0B8VQ7KDS,Airtel,1299,2499,48,4.3,301.0
B086JTMRYL,ESR,1519,1899,20,4.4,19763.0
B09RWQ7YR6,MI,46999,69999,33,4.3,21252.0
B00OFM6PEO,Storite,299,799,63,4.3,1902.0
B0BF57RN3K,Fire-Boltt,1799,19999,91,4.2,13937.0
B0B3RRWSF6,Fire-Boltt,1998,9999,80,4.3,27696.0
B0B5B6PQCT,boAt,1999,7990,75,3.8,17831.0
B08HV83HL3,MI,2049,2199,7,4.3,178912.0
B0BBN4DZBD,Redmi,6499,8999,28,4.0,7807.0
B0B3CPQ5PF,OnePlus,28999,28999,0,4.3,17415.0
B0B3CQBRB4,OnePlus,28999,28999,0,4.3,17415.0
B0BBN56J5H,Redmi,6499,8999,28,4.0,7807.0
B0BBN3WF7V,Redmi,6499,8999,28,4.0,7807.0
B0BDRVFDKP,SanDisk,569,1000,43,4.4,67259.0
B0B5LVS732,Noise,1898,4999,62,4.1,10689.0
B09V2Q4QVQ,Nokia,1299,1599,19,4.0,128311.0
B09V12K8NT,boAt,1499,6990,79,3.9,21796.0
B01DEWVZ2C,JBL,599,999,40,4.1,192590.0
B0BMGB3CH9,Samsung,9499,11999,21,4.2,284.0
B08D77XZX5,PTron,599,2499,76,3.9,58162.0
B09XB8GFBQ,Redmi,8999,11999,25,4.0,12796.0
B07WG8PDCW,pTron,349,1299,73,4.0,14282.0
B07GPXXNNG,boAt,349,999,65,4.1,363713.0
B0BDYVC5TD,SanDisk,959,1800,47,4.4,67259.0
B0BMGB2TPR,Samsung,9499,11999,21,4.2,284.0
B08MC57J31,MI,1499,2499,40,4.3,15970.0
B08HVL8QN3,Mi,1149,2199,48,4.3,178912.0
B0746JGVDS,ELV,349,999,65,3.9,46399.0
B08VFF6JQ8,Samsung,1219,1699,28,4.4,8891.0
B09NVPSCQT,Noise,1599,3999,60,4.0,30254.0
B09YV4RG4D,Fire-Boltt,1499,7999,81,4.2,22636.0
B09TWHTBKQ,Samsung,18499,25999,29,4.1,22318.0
B08L5HMJVW,SanDisk,369,700,47,4.4,67259.0
B0B4F2XCK3,Samsung,12999,17999,28,4.1,18998.0
B0BF54972T,Fire-Boltt,1799,19999,91,4.2,13937.0
B09YV4MW2T,Fire-Boltt,2199,9999,78,4.2,29471.0
B09TWH8YHM,Samsung,16999,24999,32,4.1,22318.0
B07WGMMQGP,iQOO,16499,20999,21,4.0,21350.0
B0BF563HB4,Fire-Boltt,1799,19999,91,4.2,13937.0
B07JW9H4J1,Wayona,399,1099,64,4.2,24270.0
B09GFPVD9Y,Redmi,8499,10999,23,4.1,313836.0
B09GFLXVH9,Redmi,6499,8499,24,4.1,313836.0
B0BF4YBLPX,Fire-Boltt,1799,19999,91,4.2,13937.0
B09XB7DPW1,Redmi,8999,11999,25,4.0,12796.0
B07PFJ5W31,AGARO,139,495,72,4.3,14185.0
B0B3N7LR6K,Fire-Boltt,3999,16999,76,4.3,17159.0
B09ZQK9X8G,Noise,2998,5999,50,4.1,5179.0
B098NS6PVG,Ambrane,199,349,43,4.0,43993.0
B07WJV6P1R,iQOO,15499,18999,18,4.1,19252.0
B096MSW6CT,Sounce,199,999,80,3.9,7928.0
B0BF54LXW6,Fire-Boltt,1799,19999,91,4.2,13937.0
B09XB7SRQ5,Redmi,8999,11999,25,4.0,12796.0
B09FFK1PQG,Duracell,873,1699,49,4.4,1680.0
B09RMQYHLH,realme,12999,15999,19,4.2,13246.0
B08ZN4B121,WeCool,539,1599,66,3.8,14648.0
B0B3RSDSZ3,Fire-Boltt,1999,9999,80,4.3,27696.0
B08VB34KJ1,OPPO,15490,20990,26,4.2,32916.0
B09T39K9YL,Redmi,19999,24999,20,3.9,25824.0
B08VF8V79P,Samsung,1075,1699,37,4.4,7462.0
B08G28Z33M,realme,399,699,43,4.0,37817.0
B09PNKXSKF,Noise,1999,3990,50,4.0,30254.0
B0B5DDJNH4,boAt,1999,7990,75,3.8,17831.0
B08HDJ86NZ,boAt,329,699,53,4.2,94364.0
B08CF3B7N1,Portronics,154,399,61,4.2,16905.0
B07WDKLDRX,iQOO,28999,34999,17,4.4,20311.0
B09MQSCJQ1,boAt,2299,7990,71,4.2,69622.0
B094YFFSMY,Tygot,399,1999,80,4.0,3382.0
B09MT84WV5,Samsung,1149,3999,71,4.3,140036.0
B08VS3YLRK,Portronics,529,1499,65,4.1,8599.0
B0B4F3QNDM,Samsung,13999,19499,28,4.1,18998.0
B07GQD4K6L,boAt,379,999,62,4.1,363713.0
B07WDKLRM4,iQOO,13999,19999,30,4.1,19252.0
B0BP18W8TM,Fire-Boltt,3999,9999,60,4.4,73.0
B08Y1TFSP6,pTron,149,1000,85,3.9,24870.0
B07GXHC691,STRIFF,99,499,80,4.3,42641.0
B08FN6WGDQ,Samsung,4790,15990,70,4.0,4390.0
B0B3D39RKV,OnePlus,33999,33999,0,4.3,17415.0
B085HY1DGR,Sounce,99,999,90,4.0,1396.0
B08D75R3Z1,PTron,299,1900,84,3.6,18202.0
B0B4F2TTTS,Samsung,10999,14999,27,4.1,18998.0
B09WRMNJ9G,OnePlus,34999,38999,10,4.2,11029.0
B0B14MR9L1,Samsung,16999,24999,32,4.1,22318.0
B09ZPL5VYM,Ambrane,199,499,60,4.1,1786.0
B0993BB11X,Ambrane,999,1599,38,4.0,7222.0
B09V2PZDX8,Nokia,1299,1599,19,4.0,128311.0
B085W8CFLH,PTron,599,1800,67,3.5,83996.0
B09MT6XSFW,Samsung,599,1899,68,4.3,140036.0
B07RD611Z8,Ambrane,1799,2499,28,4.1,18678.0
B08WRWPM22,boAt,176.63,499,65,4.1,15189.0
B0B4F52B5X,Samsung,10999,14999,27,4.1,18998.0
B096VF5YYF,boAt,2999,7990,62,4.1,48449.0
B0B5D39BCD,boAt,1999,7990,75,3.8,17831.0
B08DDRGWTJ,MI,229,299,23,4.3,30411.0
B082LZGK39,Ambrane,199,299,33,4.0,43994.0
B09XBJ1CTN,MI,649,999,35,4.2,1315.0
B0B4F5L738,Samsung,13999,19499,28,4.1,18998.0
B08MTCKDYN,Gizga,119,299,60,4.1,5999.0
B09QS8V5N8,Redmi,12999,17999,28,4.1,50772.0
B08CF3D7QR,Portronics,154,339,55,4.3,13391.0
B09T2WRLJJ,Redmi,20999,26999,22,3.9,25824.0
B089WB69Y1,USB,249,649,62,4.0,14404.0
B0116MIKKC,Goldmedal,99,171,42,4.5,11339.0
B09P858DK8,WeCool,489,1999,76,4.0,3626.0
B07DJLFMPS,HP,369,1600,77,4.0,32625.0
B07WHQWXL7,iQOO,15499,20999,26,4.1,19252.0
B07WDK3ZS6,iQOO,15499,18999,18,4.1,19252.0
B09T2S8X9C,Redmi,22999,28999,21,3.9,25824.0
B07S9S86BF,boAt,599,1490,60,4.1,161679.0
B07N8RQ6W7,Portronics,134,699,81,4.1,16685.0
B09FKDH6FS,realme,7499,7999,6,4.0,30907.0
B08HVJCW95,MI,1149,2199,48,4.3,178912.0
B09YDFDVNS,Nokia,1324,1699,22,4.0,128311.0
B07WGPKTS4,iQOO,13999,19999,30,4.1,19252.0
B0789LZTCJ,boAt,299,799,63,4.2,94364.0
B09MZCQYHZ,Ambrane,999,1599,38,4.0,7222.0
B0B4F2ZWL3,Samsung,12999,17999,28,4.1,18998.0
B08VB2CMR3,OPPO,15490,20990,26,4.2,32916.0
B095RTJH1M,Spigen,999,2899,66,4.6,26603.0
B097R25DP7,Noise,1599,4999,68,4.0,67950.0
B09YDFKJF8,Nokia,1324,1699,22,4.0,128311.0
B07WDK3ZS2,iQOO,20999,29990,30,4.3,9499.0
B08RZ5K9YH,MI,999,1999,50,4.3,1777.0
B08444S68L,OPPO,12490,15990,22,4.2,58506.0
B07WHQBZLS,iQOO,17999,21990,18,4.0,21350.0
B085DTN6R2,Portronics,350,899,61,4.2,2263.0
B09JS562TP,Motorola,1399,1630,14,4.0,9378.0
B09KLVMZ3B,Portronics,159,399,60,4.1,4768.0
B09V17S2BG,boAt,1499,6990,79,3.9,21796.0
B0B5CGTBKV,boAt,1999,7990,75,3.8,17833.0
B0B23LW7NV,Spigen,999,2899,66,4.7,7779.0
B09KGV7WSV,KINGONE,2099,5999,65,4.3,17129.0
B0971DWFDT,Portronics,337,699,52,4.2,4969.0
B0BNV7JM5Y,boAt,2999,7990,62,4.1,154.0
B0B53QFZPY,PTron,1299,5999,78,3.3,4415.0
B083342NKJ,MI,349,399,13,4.4,18757.0
B07WJWRNVK,iQOO,16499,20990,21,4.0,21350.0
B01F25X6RQ,Samsung,499,499,0,4.2,31539.0
B09C6HXFC1,Duracell,970,1799,46,4.5,815.0
B0B244R4KB,Spigen,999,2899,66,4.6,6129.0
B0BMGG6NKT,Samsung,10499,13499,22,4.2,284.0
B082LSVT4B,Ambrane,249,399,38,4.0,43994.0
B092JHPL72,SWAPKART,251,999,75,3.7,3234.0
B08WRBG3XW,boAt,199,499,60,4.1,13045.0
B09GFM8CGS,Redmi,6499,7999,19,4.1,313832.0
B0B3MWYCHQ,Fire-Boltt,2999,9999,70,4.2,20879.0
B09J2MM5C6,Amozo,279,1499,81,4.2,2646.0
B07Q4QV1DL,ELV,269,1499,82,4.5,28978.0
B0B56YRBNT,Tecno,8999,13499,33,3.8,3145.0
B09NHVCHS9,Flix,59,199,70,4.0,9377.0
B01DF26V7A,JBL,599,1299,54,4.1,192589.0
B08K4PSZ3V,Tukzer,349,999,65,3.8,16557.0
B0B4F1YC3J,Samsung,13999,19499,28,4.1,18998.0
B08K4RDQ71,Tukzer,349,999,65,3.8,16557.0
B085CZ3SR1,Mi,499,599,17,4.2,21916.0
B09YV3K34W,Fire-Boltt,2199,9999,78,4.2,29472.0
B09Z6WH2N1,STRIFF,95,499,81,4.2,1949.0
B09NL4DJ2Z,FLiX,139,249,44,4.0,9377.0
B0BGSV43WY,Noise,4499,7999,44,3.5,37.0
B0926V9CTV,Elv,89,599,85,4.3,2351.0
B07WGPKMP5,iQOO,15499,20999,26,4.1,19253.0
B0BBFJ9M3X,Redmi,13999,15999,13,3.9,2180.0
B09PLFJ7ZW,Noise,1999,4999,60,3.9,7571.0
B0B53NXFFR,PTron,1399,5999,77,3.3,4415.0
B07GNC2592,Portronics,599,999,40,4.0,18654.0
B09TP5KBN7,pTron,199,1099,82,4.0,3197.0
B0949SBKMP,boAt,1799,6990,74,4.0,26880.0
B09V175NP7,boAt,1499,6990,79,3.9,21796.0
B07WHSJXLF,iQOO,20999,29990,30,4.3,9499.0
B0BD3T6Z1D,Samsung,12999,13499,4,4.1,56098.0
B09LHYZ3GJ,Redmi,16999,20999,19,4.1,31822.0
B07WFPMGQQ,iQOO,19999,27990,29,4.3,9499.0
B09QS9X9L8,Redmi,12999,18999,32,4.1,50772.0
B0B6BLTGTT,Noise,2999,5999,50,4.1,7148.0
B077Z65HSD,boAt,299,999,70,4.3,20850.0
B09W5XR9RT,Duracell,970,1999,51,4.4,184.0
B084DTMYWK,Myvn,329,999,67,4.2,3492.0
B0B53QLB9H,PTron,1299,5999,78,3.3,4415.0
B0BDYW3RN3,SanDisk,1989,3500,43,4.4,67260.0
B0B3RS9DNF,Fire-Boltt,1999,9999,80,4.3,27704.0
B09QS9X16F,Redmi,12999,18999,32,4.1,50772.0
B08HV25BBQ,Noise,1499,4999,70,4.0,92588.0
B09LJ116B5,Redmi,16999,20999,19,4.1,31822.0
B0BMVWKZ8G,Newly,1999,8499,76,4.3,240.0
B0BD92GDQH,OnePlus,4999,6999,29,3.8,758.0
B08Y1SJVV5,pTron,99,666.66,85,3.9,24870.0
B0B5GF6DQD,Noise,2499,5999,58,3.7,828.0
B09JS94MBV,Motorola,1399,1630,14,4.0,9378.0
B09YV463SW,Fire-Boltt,1499,9999,85,4.2,22638.0
B07XLCFSSN,Amazonbasics,899,1900,53,4.4,13552.0
B09NL4DCXK,Flix,249,599,58,3.9,2147.0
B0B8CHJLWJ,Kyosei,299,1199,75,4.5,596.0
B0B8ZWNR5T,STRIFF,79,499,84,4.2,1949.0
B0BBFJLP21,Redmi,13999,15999,13,3.9,2180.0
B01F262EUU,Samsung,949,999,5,4.2,31539.0
B09VZBGL1N,STRIFF,99,499,80,4.1,2451.0
B0BNVBJW2S,boAt,2499,7990,69,4.1,154.0
B0B2DJ5RVQ,WeCool,689,1999,66,4.3,1193.0
B096TWZRJC,Sounce,499,1899,74,4.1,1475.0
B09GP6FBZT,OpenTech®,299,999,70,4.3,8891.0
B0B3DV7S9B,EN,209,499,58,3.6,104.0
B09MKP344P,Tecno,8499,12999,35,4.1,6662.0
B08JW1GVS7,URBN,2179,3999,46,4.0,8380.0
B09LHZSMRR,Redmi,16999,20999,19,4.1,31822.0
B0B5V47VK4,OnePlus,44999,49999,10,4.3,3075.0
B08H21B6V7,Nokia,2599,2999,13,3.9,14266.0
B09BNXQ6BR,Noise,2799,6499,57,4.1,38879.0
B01FSYQ2A4,boAt,1399,2990,53,4.1,97175.0
B08L5FM4JC,SanDisk,649,2400,73,4.4,67260.0
B0B54Y2SNX,iPhone,799,3990,80,3.8,119.0
B08BQ947H3,LIRAMARK,149,149,0,4.3,10833.0
B082T6V3DT,AmazonBasics,799,2100,62,4.3,8188.0
B0B7DHSKS7,Nokia,3799,5299,28,3.5,1641.0
B09SJ1FTYV,Sounce,199,1899,90,4.0,4740.0
B09XJ5LD6L,Samsung,23999,32999,27,3.9,8866.0
B07WHS7MZ1,iQOO,29990,39990,25,4.3,8399.0
B0BBVKRP7B,SHREENOVA,281,1999,86,2.8,87.0
B09NY7W8YD,POCO,7998,11999,33,3.8,125.0
B0BMM7R92G,Noise_Colorfit,249,999,75,4.5,38.0
B08M66K48D,POPIO,299,599,50,4.3,4674.0
B09RFB2SJQ,10WeRun,499,1899,74,4.1,412.0
B0B82YGCF6,Tokdis,899,3499,74,3.0,681.0
B08HF4W2CT,URBN,1599,3499,54,4.0,36384.0
B08BCKN299,Sounce,120,999,88,3.9,6491.0
B0B2X35B1K,Noise,3999,6999,43,4.1,10229.0
B09QS9CWLV,Redmi,12999,18999,32,4.1,50772.0
B0B1NX6JTN,Spigen,1599,2599,38,4.3,1801.0
B078G6ZF5Z,Oraimo,699,1199,42,4.0,14404.0
B0BBW521YC,LAPSTER,99,999,90,4.4,305.0
B09HSKYMB3,MI,7915,9999,21,4.3,1376.0
B09YV42QHZ,Fire-Boltt,1499,7999,81,4.2,22638.0
B09BF8JBWX,Lava,1055,1249,16,3.8,2352.0
B0B5YBGCKD,POPIO,150,599,75,4.3,714.0
B01GGKYKQM,Amazon,219,700,69,4.3,20052.0
B09MY4W73Q,Amozo,474,1799,74,4.3,1454.0
B08R69VDHT,Pinnaclz,115,499,77,4.0,7732.0
B09T37CKQ5,FLiX,239,599,60,3.9,2147.0
B09GFPN6TP,Redmi,7499,9499,21,4.1,313832.0
B0B298D54H,Prolet,265,999,73,3.7,465.0
B08VB57558,Samsung,37990,74999,49,4.2,27790.0
B09CMP1SC8,Ambrane,199,499,60,4.1,602.0
B09YLXYP7Y,Ambrane,179,399,55,4.0,1423.0
B0B9BXKBC7,WeCool,1799,3999,55,4.6,245.0
B09NY6TRXG,POCO,8499,11999,29,3.9,276.0
B09NVPJ3P4,Noise,1999,3999,50,4.0,30254.0
B0B3NDPCS9,Fire-Boltt,3999,17999,78,4.3,17161.0
B09VGKFM7Y,Amazon,219,499,56,4.4,14.0
B07QCWY5XV,Mobilife,599,1399,57,4.1,14560.0
B098QXR9X2,Ambrane,2499,2999,17,4.1,3156.0
B07H1S7XW8,STRIFF,89,499,82,4.1,9340.0
B0BNXFDTZ2,Fire-Boltt,2999,11999,75,4.4,768.0
B088ZFJY82,Elv,314,1499,79,4.5,28978.0
B0B4F4QZ1H,Samsung,13999,19499,28,4.1,18998.0
B09BCNQ9R2,DYAZO,139,499,72,4.2,4971.0
B0B9BD2YL4,KINGONE,2599,6999,63,4.5,1526.0
B071Z8M4KX,boAt,365,999,63,4.1,363711.0
B09N3ZNHTY,boAt,1499,4490,67,3.9,136954.0
B0B3RRWSF6,Fire-Boltt,1998,9999,80,4.3,27709.0
B0B5B6PQCT,boAt,1799,7990,77,3.8,17833.0
B005FYNT3G,SanDisk,289,650,56,4.3,253105.0
B01J0XWYKQ,Logitech,599,895,33,4.4,61314.0
B09CTRPSJR,Storio,217,237,8,3.8,7354.0
B08JQN8DGZ,boAt,1299,2990,57,3.8,180998.0
B0B72BSW7K,SKE,263,699,62,3.5,690.0
B0BDRVFDKP,SanDisk,569,1000,43,4.4,67262.0
B0B5LVS732,Noise,1999,4999,60,4.1,10689.0
B08TV2P1N8,boAt,1399,3990,65,4.1,141841.0
B07XCM6T4N,STRIFF,349,1499,77,4.3,24791.0
B07T5DKR5D,ZEBRONICS,149,399,63,3.5,21764.0
B01DEWVZ2C,JBL,599,999,40,4.1,192587.0
B07PR1CL3S,boAt,1220,3990,69,4.1,107151.0
B09V12K8NT,boAt,1499,6990,79,3.9,21797.0
B07JQKQ91F,JBL,499,999,50,3.9,92995.0
B08W56G1K9,LAPSTER,99,999,90,4.1,8751.0
B07WG8PDCW,pTron,349,1299,73,4.0,14283.0
B01L8ZNWN2,HP,475,1500,68,4.2,64273.0
B009VCGPSY,HP,269,649,59,4.3,54315.0
B0B296NTFV,Portronics,299,599,50,4.1,1597.0
B09NVPSCQT,Noise,1599,3999,60,4.0,30254.0
B09YV4RG4D,Fire-Boltt,1499,7999,81,4.2,22638.0
B07TCN5VR9,Boult,329,999,67,3.9,77027.0
B00ZYLMQH0,Dell,549,1799,69,4.3,28829.0
B09YV4MW2T,Fire-Boltt,2199,9999,78,4.2,29478.0
B01HJI0FS2,Dell,299,650,54,4.5,33176.0
B076B8G5D8,Boya,798,1995,60,4.0,68664.0
B07JW9H4J1,Wayona,399,1099,64,4.2,24269.0
B014SZO90Y,Duracell,266,315,16,4.5,28030.0
B07KCMR8D6,Classmate,50,50,0,4.3,5792.0
B00N1U9AJS,3M,130,165,21,3.9,14778.0
B07KY3FNQP,boAt,449,1290,65,4.1,91770.0
B0B3N7LR6K,Fire-Boltt,3999,16999,76,4.3,17162.0
B07QZ3CZ48,boAt,399,1290,69,4.2,206.0
B09T3H12GV,Dell,1399,2498,44,4.2,33717.0
B098NS6PVG,Ambrane,199,349,43,4.0,43994.0
B096MSW6CT,Sounce,199,999,80,3.9,7928.0
B09ZQK9X8G,Noise,2998,5999,50,4.1,5179.0
B08ZJDWTJ1,Seagate,4098,4999,18,4.5,50810.0
B08FTFXNNB,HP,499,1999,75,3.7,3369.0
B08YDFX7Y1,ZEBRONICS,299,449,33,3.5,11827.0
B08HDJ86NZ,boAt,329,699,53,4.2,94364.0
B087FXHB6J,Zebronics,699,999,30,3.5,15295.0
B07N42JB4S,SYVO,799,3990,80,4.3,27139.0
B0B31BYXQQ,Boult,1399,5499,75,3.9,9504.0
B08CF3B7N1,Portronics,154,399,61,4.2,16905.0
B07SLMR1K6,SanDisk,519,1350,62,4.3,30058.0
B09MQSCJQ1,boAt,2299,7990,71,4.2,69619.0
B094YFFSMY,Tygot,399,1999,80,4.0,3382.0
B092X94QNQ,boAt,1499,3990,62,4.1,109864.0
B0846D5CBP,Casio,1295,1295,0,4.5,5760.0
B00KXULGJQ,TP-Link,1889,5499,66,4.2,49551.0
B08H9Z3XQW,boAt,455,1490,69,4.1,161677.0
B08LPJZSSW,DIGITEK®,399,995,60,3.9,21372.0
B09MT84WV5,Samsung,1059,3999,74,4.3,140035.0
B08Y1TFSP6,pTron,149,1000,85,3.9,24870.0
B08CYPB15D,HP,717,761,6,4.0,7199.0
B085HY1DGR,Sounce,99,999,90,4.0,1396.0
B00MFPCY5C,GIZGA,39,299,87,3.5,15233.0
B07JJFSG2B,SanDisk,889,2500,64,4.3,55747.0
B09NR6G588,Boult,1199,4999,76,3.8,14961.0
B07JPX9CR7,Dell,569,1299,56,4.4,9275.0
B08D11DZ2W,Boult,1499,8999,83,3.7,28324.0
B07Q7561HD,Eveready,149,180,17,4.4,644.0
B0819HZPXL,Zebronics,399,549,27,4.4,18139.0
B00LXTFMRS,PIDILITE,191,225,15,4.4,7203.0
B0B9LDCX89,STRIFF,129,999,87,4.2,491.0
B0765B3TH7,Gizga,199,599,67,4.5,13568.0
B0B1F6GQPS,Boult,999,4499,78,3.8,3390.0
B07LG59NPV,Boult,899,4499,80,3.8,103052.0
B07RD611Z8,Ambrane,1799,2499,28,4.1,18678.0
B08WRWPM22,boAt,176.63,499,65,4.1,15189.0
B00AXHBBXU,Casio,522,550,5,4.4,12179.0
B08MCD9JFY,Tygot,799,1999,60,3.8,12958.0
B083RCTXLL,HP,681,1199,43,4.2,8258.0
B08HLZ28QC,Oakter,1199,3490,66,4.1,11716.0
B07GVR9TG7,TP-Link,2499,4999,50,4.4,35024.0
B0856HY85J,boAt,1799,4999,64,4.1,55192.0
B07CD2BN46,Xiaomi,429,599,28,4.1,119466.0
B07PLHTTB4,Zodo,100,499,80,3.5,9638.0
B077T3BG5L,Zebronics,329,399,18,3.6,33735.0
B08DDRGWTJ,MI,229,299,23,4.3,30411.0
B079Y6JZC8,ZEBRONICS,139,299,54,3.8,3044.0
B0856HNMR7,boAt,1199,2499,52,4.0,33584.0
B0B12K5BPM,ZEBRONICS,1049,2299,54,3.9,1779.0
B08MTCKDYN,Gizga,119,299,60,4.1,5999.0
B08CF3D7QR,Portronics,154,339,55,4.3,13391.0
B00LVMTA2A,Panasonic,225,250,10,4.4,26556.0
B07TR5HSR9,MemeHo®,656,1499,56,4.3,25903.0
B0819ZZK5K,SanDisk,1109,2800,60,4.3,53464.0
B096VF5YYF,boAt,2999,7990,62,4.1,48448.0
B08QJJCY2Q,Tizum,169,299,43,4.4,5176.0
B07L5L4GTB,Epson,309,404,24,4.4,8614.0
B07L8KNP5F,ZEBRONICS,599,1399,57,3.8,60026.0
B08CF4SCNP,Quantum,299,599,50,3.8,3066.0
B09XX51X2G,STRIFF,449,999,55,4.0,2102.0
B01M72LILF,Logitech,799,1295,38,4.4,34852.0
B07KSMBL2H,AmazonBasics,219,700,69,4.4,426972.0
B00LZLQ624,Classmate,157,160,2,4.5,8618.0
B07DJLFMPS,HP,369,1600,77,4.0,32625.0
B09GB5B4BK,HP,599,899,33,4.0,4018.0
B015ZXUDD0,Duracell,479,599,20,4.3,11687.0
B085DTN6R2,Portronics,350,899,61,4.2,2262.0
B09PL79D2X,boAt,1598,2990,47,3.8,11015.0
B098K3H92Z,TP-Link,599,899,33,4.3,95116.0
B09KLVMZ3B,Portronics,159,399,60,4.1,4768.0
B084PJSSQ1,SanDisk,1299,3000,57,4.3,23022.0
B097R25DP7,Noise,1599,4999,68,4.0,67951.0
B097C564GC,rts,294,4999,94,4.3,4426.0
B08CYNJ5KY,HP,828,861,4,4.2,4567.0
B00Y4ORQ46,Logitech,745,795,6,4.0,13797.0
B074CWD7MS,Digitek,1549,2495,38,4.4,15137.0
B083342NKJ,MI,349,399,13,4.4,18757.0
B09C6HXFC1,Duracell,970,1799,46,4.5,815.0
B00A0VCJPI,TP-Link,1469,2499,41,4.2,156638.0
B00UGZWM2I,COI,198,800,75,4.1,9344.0
B00R1P3B4O,Fujifilm,549,549,0,4.5,4875.0
B0B3MWYCHQ,Fire-Boltt,2999,9999,70,4.2,20881.0
B09DG9VNWB,Samsung,12000,29999,60,4.3,4744.0
B09Y5MP7C4,Noise,1299,3499,63,3.9,12452.0
B01DJJVFPC,Duracell,269,315,15,4.5,17810.0
B07DFYJRQV,JBL,799,1499,47,4.1,53648.0
B08L879JSN,Acer,6299,13750,54,4.2,2014.0
B08TDJNM3G,E-COSMOS,59,59,0,3.8,5958.0
B06XSK3XL6,boAt,571,999,43,4.3,38221.0
B07YNTJ8ZM,Zebronics,549,999,45,3.9,64705.0
B09KGV7WSV,KINGONE,2099,5999,65,4.3,17129.0
B08DPLCM6T,LG,13490,21990,39,4.3,11976.0
B07KR5P3YD,Zebronics,448,699,36,3.9,17348.0
B08FB2LNSZ,JBL,1499,2999,50,3.7,87798.0
B01IBRHE3E,Gizga,299,499,40,4.2,24432.0
B01N6LU1VF,SanDisk,579,1400,59,4.3,189104.0
B07XLML2YS,TP-Link,2499,3299,24,4.2,93112.0
B086WMSCN3,boAt,1199,5999,80,3.9,47521.0
B003B00484,Duracell,399,499,20,4.3,27201.0
B085194JFL,tizum,279,499,44,3.7,10962.0
B09F6S8BT6,Samsung,13490,22900,41,4.3,16299.0
B003L62T7W,Logitech,279,375,26,4.3,31534.0
B09P18XVW6,Noise,2499,4999,50,3.9,7571.0
B00LZLPYHW,Classmate,137,160,14,4.4,6537.0
B09NHVCHS9,Flix,59,199,70,4.0,9377.0
B00NNQMYNE,AirCase,299,499,40,4.5,21010.0
B0B217Z5VK,Noise,1799,3999,55,3.9,3517.0
B07B88KQZ8,JBL,1999,2999,33,4.3,63899.0
B01M4GGIVU,Tizum,199,699,72,4.2,12153.0
B07Z3K96FR,Robustrion,399,1499,73,4.1,5730.0
B0756CLQWL,Redgear,1699,3999,58,4.2,25488.0
B004IO5BMQ,Logitech,699,995,30,4.5,54405.0
B09Z6WH2N1,STRIFF,95,499,81,4.2,1949.0
B01HGCLUH6,TP-link,1149,1699,32,4.2,122478.0
B01N4EV2TL,Logitech,1495,1995,25,4.3,7241.0
B08MZQBFLN,Callas,849,4999,83,4.0,20457.0
B0752LL57V,Casio,440,440,0,4.5,8610.0
B08K4PSZ3V,Tukzer,349,999,65,3.8,16557.0
B09Z28BQZT,Amazon,599,3999,85,3.9,1087.0
B094DQWV9B,Kanget,149,399,63,4.0,1540.0
B0BBMPH39N,Amazon,289,999,71,4.1,401.0
B097JQ1J5G,Zebronics,179,499,64,3.4,9385.0
B07YY1BY5B,Noise,1499,4999,70,4.0,92588.0
B08VRMK55F,Zebronics,399,699,43,3.4,3454.0
B08CHZ3ZQ7,Redgear,599,799,25,4.3,15790.0
B08SCCG9D4,JBL,949,2000,53,3.9,14969.0
B0972BQ2RS,Fire-Boltt,2499,9999,75,4.1,42139.0
B00ZRBWPA0,Eveready,159,180,12,4.3,989.0
B0B2DD66GS,SanDisk,1329,2900,54,4.5,19624.0
B09M869Z5V,Portronics,570,999,43,4.2,3201.0
B07W6VWZ8C,Infinity,899,1999,55,4.1,30469.0
B07Z1X6VFC,AirCase,449,999,55,4.4,9940.0
B07YL54NVJ,Brand,549,999,45,4.3,7758.0
B0759QMF85,TP-Link,1529,2399,36,4.3,68409.0
B00LM4X0KU,Parker,100,100,0,4.3,3095.0
B08PFSZ7FH,STRIFF,299,1499,80,4.2,903.0
B012MQS060,Logitech,1295,1795,28,4.1,25771.0
B01MF8MB65,boAt,699,999,30,4.1,273189.0
B00LHZWD0C,Luxor,252,315,20,4.5,3785.0
B08QDPB1SL,Duracell,190,220,14,4.4,2866.0
B07BRKK9JQ,Zebronics,1299,1599,19,4.3,27223.0
B01EZ0X3L8,SanDisk,729,1650,56,4.3,82356.0
B00LM4W1N2,Parker,480,600,20,4.3,5719.0
B0949SBKMP,boAt,1799,6990,74,4.0,26880.0
B08YD264ZS,Tarkan,999,2499,60,4.3,1690.0
B094JNXNPV,Ambrane,299,399,25,4.0,2766.0
B00GZLB57U,Quantum,238,699,66,4.4,8372.0
B07V82W5CN,HP,1349,2198,39,4.0,7113.0
B077Z65HSD,boAt,299,999,70,4.3,20850.0
B08HD7JQHX,HUMBLE,199,499,60,3.3,2804.0
B0B31FR4Y2,Boult,1999,9999,80,3.7,1986.0
B09Y14JLP3,STRIFF,99,499,80,4.1,2451.0
B09ZHCJDP1,Amazon,499,1000,50,5.0,23.0
B08C4Z69LN,Crucial,1792,3500,49,4.5,26194.0
B016XVRKZM,APC,3299,4100,20,3.9,15783.0
B00LHZW3XY,Luxor,125,180,31,4.4,8053.0
B098JYT4SY,Zebronics,399,1190,66,4.1,2809.0
B08CFCK6CW,Boult,1199,7999,85,3.6,25910.0
B09P564ZTJ,Wembley,235,1599,85,3.8,1173.0
B07MSLTW8Z,Gizga,549,1999,73,3.6,6422.0
B09N6TTHT6,E-COSMOS,89,99,10,4.2,241.0
B09W5XR9RT,Duracell,970,1999,51,4.4,184.0
B098R25TGC,Noise,1299,2999,57,3.8,14629.0
B0B2PQL5N3,Lapster,230,999,77,4.2,1528.0
B07DKZCZ89,Gizga,119,499,76,4.3,15032.0
B08GYG6T12,SanDisk,449,800,44,4.4,69585.0
B09BN2NPBD,DIGITEK®,1699,3495,51,4.1,14371.0
B00J4YG0PC,Classmate,561,720,22,4.4,3182.0
B073BRXPZX,Lenovo,289,590,51,4.4,25886.0
B08LHTJTBB,Dyazo,599,1999,70,4.4,4736.0
B07VTFN6HM,Western,5599,7350,24,4.4,73005.0
B008QS9J6Y,Logitech,1990,2595,23,4.3,20398.0
B09M8888DM,Portronics,499,799,38,4.3,2125.0
B07Z1YVP72,AirCase,449,999,55,4.3,11330.0
B082FTPRSK,Zinq,999,1999,50,4.2,27441.0
B09RF2QXGX,Gizga,69,299,77,4.3,255.0
B01KK0HU3Y,HP,899,1499,40,4.2,23174.0
B07JF9B592,MAONO,478,699,32,3.8,20218.0
B086394NY5,TABLE,1399,2490,44,4.3,11074.0
B00NH11PEY,AmazonBasics,199,750,73,4.5,74976.0
B017PDR9N0,GIZGA,149,499,70,4.1,25607.0
B07NC12T2R,boAt,1799,4990,64,4.2,41226.0
B07WKBD37W,ESnipe,425,999,57,4.0,2581.0
B08JMC1988,boAt,999,2490,60,4.1,18331.0
B09GFN8WZL,Portronics,378,999,62,4.1,1779.0
B095X38CJS,BRUSTRO,99,99,0,4.3,388.0
B07ZKD8T1Q,Cuzor,1499,2999,50,4.5,8656.0
B07G3YNLJB,Crucial,1815,3100,41,4.5,92925.0
B00P93X2H6,Classmate,67,75,11,4.1,1269.0
B0798PJPCL,Portronics,1889,2699,30,4.3,17394.0
B09GFWJDY1,ZEBRONICS,499,1499,67,3.6,9169.0
B09MZ6WZ6V,INOVERA,499,999,50,4.4,1030.0
B094QZLJQ6,Seagate,5799,7999,28,4.5,50273.0
B07L3NDN24,ZEBRONICS,499,799,38,3.9,6742.0
B08WD18LJZ,TVARA,249,600,59,4.0,1208.0
B09CMM3VGK,Ambrane,179,499,64,4.0,1933.0
B06XDKWLJH,Western,4449,5734,22,4.4,25006.0
B01J1CFO5I,Redgear,299,550,46,4.6,33434.0
B07J2NGB69,Lenovo,629,1390,55,4.4,6301.0
B00MUTWLW4,Logitech,2595,3295,21,4.4,22618.0
B08QSC1XY8,Zoul,389,1099,65,4.3,974.0
B017NC2IPM,RESONATE,1799,2911,38,4.3,20342.0
B00N1U7JXM,3M,90,175,49,4.4,7429.0
B08HQL67D6,OFIXO,599,599,0,4.0,26423.0
B09RKFBCV7,Fire-Boltt,1999,7999,75,4.2,31305.0
B08KHM9VBJ,Airtel,2099,3250,35,3.8,11213.0
B01IOZUHRS,Gizga,179,499,64,4.1,10174.0
B00CEQEGPI,Logitech,1345,2295,41,4.2,17413.0
B08B6XWQ1C,DIGITEK®,349,995,65,4.2,6676.0
B01DGVKBC6,FEDUS,287,499,42,4.4,8076.0
B008FWZGSG,Samsung,599,599,0,4.3,355.0
B08JD36C6H,Kingston,349,450,22,4.1,18656.0
B00E3DVQFS,Duracell,879,1109,21,4.4,31599.0
B0B4HJNPV4,pTron,199,999,80,3.9,1075.0
B00BN5SNF0,ENVIE®,250,250,0,3.9,13971.0
B09SGGRKV8,ZEBRONICS,199,499,60,3.6,2492.0
B07XLCFSSN,Amazonbasics,899,1900,53,4.4,13552.0
B09RZS1NQT,Sounce,199,999,80,4.0,575.0
B084BR3QX8,LAPSTER,149,999,85,3.5,2523.0
B09VC2D2WG,Portronics,469,1499,69,4.1,352.0
B09163Q5CD,Verilux®,1187,1929,38,4.1,1662.0
B08K9PX15C,Zebronics,849,1499,43,4.0,7352.0
B083RD1J99,HP,328,399,18,4.1,3441.0
B09Z7YGV3R,Anjaney,269,699,62,4.0,93.0
B00N3XLDW0,ENVIE,299,400,25,3.8,40895.0
B07Z53L5QL,ProElite,549,1499,63,4.3,11006.0
B00P93X0VO,Classmate,114,120,5,4.2,8938.0
B07SBGFDX9,Pentonic,120,120,0,4.1,4308.0
B09C6HWG18,Duracell,970,1999,51,4.2,462.0
B00NH11KIK,AmazonBasics,209,695,70,4.5,107686.0
B07X2L5Z8C,Logitech,1490,2295,35,4.6,10652.0
B00VA7YYUO,Apsara,99,99,0,4.3,5036.0
B07L9FW9GF,Zebronics,149,249,40,4.0,5057.0
B08D64C9FN,Ant,575,2799,79,4.2,8537.0
B07XJYYH7L,Wecool,333,999,67,3.3,9792.0
B00LOD70SC,Pilot,178,210,15,4.3,2450.0
B09X76VL5L,boAt,1599,3490,54,3.7,676.0
B091JF2TFD,Boult,499,1299,62,3.9,1173.0
B07S7DCJKS,IT2M,199,499,60,4.3,9998.0
B09NC2TY11,Noise,2499,5999,58,4.1,5852.0
B0BDS8MY8J,Lapster,199,999,80,4.2,362.0
B09X7DY7Q4,SanDisk,939,1800,48,4.5,205052.0
B09YV575RK,Fire-Boltt,2499,9999,75,4.0,9090.0
B08LW31NQ6,Lenovo,1439,2890,50,4.5,4099.0
B09ND94ZRG,Boult,1099,5999,82,3.5,12966.0
B00P93X6EK,Classmate,157,160,2,4.5,4428.0
B07KRCW6LZ,TP-Link,999,1599,38,4.3,12093.0
B0994GP1CX,LS,115,999,88,3.3,5692.0
B07H8W9PB6,KLAM,175,499,65,4.1,21.0
B09NNHFSSF,CP,1999,4700,57,3.8,1880.0
B08D9NDZ1Y,HP,3999,4332.96,8,3.5,21762.0
B0085IATT6,D-Link,899,1800,50,4.1,22375.0
B08WJ86PV2,RPM,299,990,70,4.5,2453.0
B078HRR1XV,Wacom,3303,4699,30,4.4,13544.0
B09P22HXH6,Lenovo,1890,5490,66,4.1,10976.0
B00LM4X3XE,Parker,90,100,10,4.3,3061.0
B09YLFHFDW,Sony,1599,2790,43,3.6,2272.0
B07YWS9SP9,"Zebronics,",599,999,40,4.0,7601.0
B002PD61Y4,D-Link,507,1208,58,4.1,8131.0
B08WLY8V9S,Tukzer,425,899,53,4.5,4219.0
B0873L7J6X,Infinity,1499,3999,63,4.2,42775.0
B07YNHCW6N,Robustrion,549,2499,78,4.3,5556.0
B07232M876,Amazonbasics,199,395,50,4.2,92595.0
B01MQ2A86A,Logitech,1295,1645,21,4.6,12375.0
B00KIE28X0,Camel,310,310,0,4.5,5882.0
B08BQ947H3,LIRAMARK,149,149,0,4.3,10833.0
B0BHYJ8CVF,Portronics,1149,1499,23,4.1,10443.0
B0BCVJ3PVP,SupCares,499,1299,62,4.5,434.0
B0B2931FCV,ZEBRONICS,999,4199,76,3.5,1913.0
B09TMZ1MF8,Western,1709,4000,57,4.4,3029.0
B07VV37FT4,Classmate,250,250,0,4.2,2628.0
B07P681N66,TP-Link,1199,2199,45,4.4,24780.0
B07JB2Y4SR,Classmate,90,100,10,4.4,10718.0
B08KRMK9LZ,Tukzer,2025,5999,66,4.2,6233.0
B08LT9BMPP,Logitech,1495,1995,25,4.5,10541.0
B082T6V3DT,AmazonBasics,799,2100,62,4.3,8188.0
B0814ZY6FP,Zebronics,899,1199,25,3.8,10751.0
B09F3PDDRF,Lapster,349,999,65,3.9,817.0
B07X963JNS,URBN,900,2499,64,4.0,36384.0
B09LD3116F,Qubo,2490,3990,38,4.1,3606.0
B08Y5QJTVK,Duracell,116,200,42,4.4,357.0
B00LY1FN1K,Camel,200,230,13,4.4,10170.0
B07DJ5KYDZ,Lenovo,1249,2796,55,4.4,4598.0
B009LJ2BXA,Hp,649,999,35,3.5,7222.0
B09BVCVTBC,Redragon,2649,3499,24,4.5,1271.0
B0BFWGBX61,Ambrane,199,349,43,4.1,314.0
B07SY4C3TD,HP,596,723,18,4.4,3219.0
B094JB13XL,Noise,2499,5999,58,4.1,38879.0
B08CRRQK6Z,Zebronics,4999,12499,60,4.2,4541.0
B08MTLLSL8,boAt,399,1290,69,4.2,76042.0
B08Y57TPDM,Duracell,116,200,42,4.3,485.0
B09CYTJV3N,MI,4499,5999,25,4.3,44696.0
B07GLNJC25,ZEBRONICS,330,499,34,3.7,8566.0
B08FY4FG5X,Boult,649,2499,74,3.9,13049.0
B07TMCXRFV,ESR,1234,1599,23,4.5,16680.0
B01FSYQ2A4,boAt,1399,2990,53,4.1,97174.0
B00LZPQVMK,Parker,272,320,15,4.0,3686.0
B08X77LM8C,Silicone,99,999,90,3.8,594.0
B01EJ5MM5M,Canon,3498,3875,10,3.4,12185.0
B08J82K4GX,Samsung,10099,19110,47,4.3,2623.0
B07Z1Z77ZZ,AirCase,449,999,55,4.3,9701.0
B00DJ5N9VK,Faber-Castell,150,150,0,4.3,15867.0
B0B4DT8MKT,Wecool,348,1499,77,4.2,656.0
B08FGNPQ9X,Zinq,1199,2999,60,4.1,10725.0
B07NTKGW45,SaleOn™,397,899,56,4.0,3025.0
B08CDKQ8T6,Portronics,154,349,56,4.3,7064.0
B08J4PL1Z3,RPM,699,1490,53,4.0,5736.0
B07XJWTYM2,realme,1679,1999,16,4.1,72563.0
B09939XJX8,TVARA,354,1500,76,4.0,1026.0
B09MDCZJXS,Wings,1199,5499,78,3.8,2043.0
B08CTQP51L,Robustrion,379,1499,75,4.2,4149.0
B0BG62HMDJ,Cablet,499,775,36,4.3,74.0
B08GTYFC37,SanDisk,10389,32000,68,4.4,41398.0
B08SBH499M,ZEBRONICS,649,1300,50,4.1,5195.0
B08FYB5HHK,TP-Link,1199,1999,40,4.5,22420.0
B0994GFWBH,Lapster,139,999,86,4.0,1313.0
B0B5GJRTHB,Wecool,889,1999,56,4.2,2284.0
B09GBBJV72,HP,1409,2199,36,3.9,427.0
B07P434WJY,RC,549,1999,73,4.3,1367.0
B07T9FV9YP,Redgear,749,1799,58,4.0,13199.0
B01GGKZ0V6,AmazonBasics,329,845,61,4.2,29746.0
B08WKFSN84,Wayona,379,1099,66,4.3,2806.0
B09TBCVJS3,Amazfit,5998,7999,25,4.2,30355.0
B08TR61BVK,Tabelito®,299,1499,80,4.2,2868.0
B0B2CPVXHX,Robustrion,379,1499,75,4.1,670.0
B08XNL93PL,Portronics,1399,2999,53,4.3,3530.0
B088GXTJM3,DIGITEK®,699,1299,46,4.3,6183.0
B099S26HWG,Classmate,300,300,0,4.2,419.0
B08461VC1Z,Scarters,999,1995,50,4.5,7317.0
B00K32PEW4,Casio,535,535,0,4.4,4426.0
B09F9YQQ7B,Redmi,13999,24999,44,4.2,45237.0
B07LFWP97N,Gizga,269,1099,76,4.1,1092.0
B0746N6WML,Parker,341,450,24,4.3,2493.0
B07W9KYT62,TP-Link,2499,3999,38,4.4,12679.0
B0B5ZF3NRK,CEDO,349,599,42,4.1,210.0
B08D9MNH4B,HP,5899,7005,16,3.6,4199.0
B078G6ZF5Z,Oraimo,699,1199,42,4.0,14403.0
B09MKG4ZCM,Xiaomi,1565,2999,48,4.0,11113.0
B07RZZ1QSW,SLOVIC®,326,799,59,4.4,10773.0
B08BCKN299,Sounce,120,999,88,3.9,6491.0
B07222HQKP,Orico,657,999,34,4.3,13944.0
B00NFD0ETQ,Logitech,1995,2895,31,4.6,10760.0
B075DB1F13,Panasonic,1500,1500,0,4.4,25996.0
B0148NPH9I,Logitech,2640,3195,17,4.5,16146.0
B01JOFKL0A,Canon,5299,6355,17,3.9,8280.0
B09Q8HMKZX,Portronics,263,699,62,4.1,450.0
B079S811J3,Redgear,1990,2999,34,4.3,14237.0
B0083T231O,Belkin,1289,1499,14,4.5,20668.0
B086PXQ2R4,Classmate,165,165,0,4.5,1674.0
B07L1N3TJX,Artis,1699,3499,51,3.6,7689.0
B07YFWVRCM,Imou,2299,7500,69,4.1,5554.0
B01GGKYKQM,Amazon,219,700,69,4.3,20053.0
B08TDJ5BVF,E-COSMOS,39,39,0,3.8,3344.0
B09XXZXQC1,Xiaomi,26999,37999,29,4.6,2886.0
B083T5G5PM,Sennheiser,1490,1990,25,4.1,98250.0
B0BHVPTM2C,HB,398,1949,80,4.0,75.0
B0B86CDHL1,oraimo,349,899,61,4.5,149.0
B01NBX5RSB,HP,770,1547,50,4.3,2585.0
B08MWJTST6,Tukzer,279,1299,79,4.0,5072.0
B07R99NBVB,Gizga,249,599,58,4.5,5985.0
B08R69VDHT,Pinnaclz,115,499,77,4.0,7732.0
B00LY12TH6,Camel,230,230,0,4.5,9427.0
B09RWZRCP1,boAt,399,999,60,4.1,1780.0
B08497Z1MQ,HP,599,700,14,4.3,2301.0
B07KNM95JK,Foxin,598,1150,48,4.1,2535.0
B09Q3M3WLJ,Robustrion,399,1499,73,4.0,691.0
B09B9SPC7F,PC,499,1299,62,4.1,2740.0
B09CMP1SC8,Ambrane,199,499,60,4.1,602.0
B099SD8PRP,Lenovo,579,1090,47,4.4,3482.0
B09YLXYP7Y,Ambrane,179,399,55,4.0,1423.0
B00S2SEV7K,Pilot,90,100,10,4.1,6199.0
B08WKCTFF3,ZEBRONICS,899,1999,55,4.4,1667.0
B08498D67S,HP,1149,1800,36,4.3,4723.0
B00C3GBCIS,GIZGA,249,499,50,4.2,22860.0
B00URH5E34,Inventis,39,39,0,3.6,13572.0
B00EYW1U68,TP-Link,1599,3599,56,4.2,16182.0
B08SMJT55F,boAt,1199,3990,70,4.2,2908.0
B0B2DJDCPX,SWAPKART,209,499,58,3.9,536.0
B08Y7MXFMK,Offbeat®,1099,1499,27,4.2,2375.0
B086Q3QMFS,Classmate,120,120,0,4.5,4951.0
B08498H13H,HP,1519,3499,57,4.3,408.0
B07LFQLKFZ,Parker,420,420,0,4.2,1926.0
B00LY17RHI,Camlin,225,225,0,4.1,4798.0
B07W14CHV8,CARECASE®,199,799,75,4.1,7333.0
B0B9BXKBC7,WeCool,1799,3999,55,4.6,245.0
B09F5Z694W,Canon,8349,9625,13,3.8,3652.0
B0B25LQQPC,Crucial,3307,6100,46,4.3,2515.0
B07GVGTSLN,Wayona,325,1299,75,4.2,10576.0
B01LYLJ99X,HP,449,1300,65,4.2,4959.0
B014SZPBM4,Duracell,380,400,5,4.4,2111.0
B08CZHGHKH,BESTOR®,499,1399,64,3.9,1462.0
B0B2RBP83P,Lenovo,37247,59890,38,4.0,323.0
B078W65FJ7,boAt,849,2490,66,4.2,91188.0
B08S74GTBT,Zebronics,799,1999,60,3.7,418.0
B0B9BD2YL4,KINGONE,2599,6999,63,4.5,1526.0
B0BMXMLSMM,Lapster,199,999,80,4.5,127.0
B0141EZMAI,Gizga,269,800,66,3.6,10134.0
B07QMRHWJD,SWAPKART,298,999,70,4.3,1552.0
B07W7Z6DVL,Infinity,1499,2999,50,4.1,25262.0
B07WMS7TWB,Pigeon,649,1245,48,3.9,123365.0
B00H47GVGY,USHA,1199,1695,29,3.6,13300.0
B07VX71FZP,Amazon,1199,2000,40,4,18543.0
B07NCKMXVZ,StyleHouse,455,999,54,4.1,3578.0
B0B61DSF17,beatXP,199,1999,90,3.7,2031.0
B07VQGVL68,Glun,293,499,41,3.9,44994.0
B01LWYDEQ7,Pigeon,199,495,60,4.1,270563.0
B07VNFP3C2,Prestige,749,1245,40,3.9,31783.0
B00LUGTJGO,Bajaj,1399,1549,10,3.9,2602.0
B01MQZ7J8K,Prestige,749,1445,48,3.9,63350.0
B01GFTEV5Y,Pigeon,1699,3193,47,3.8,54032.0
B00NW4UWN6,Prestige,1043,1345,22,3.8,15592.0
B01NCVJMKX,SHOPTOSHOP,499,999,50,4.1,4859.0
B00O24PUO6,Orpat,1464,1650,11,4.1,14120.0
B07GXPDLYQ,PRO365,249,499,50,3.3,8427.0
B01C8P29N0,Bajaj,625,1400,55,4.2,23316.0
B08KDBLMQP,Croma,1290,2500,48,4,6530.0
B078JDNZJ8,Havells,3600,6190,42,4.3,11924.0
B01M5F614J,Morphy,6549,13999,53,4,2961.0
B083GKDRKR,Havells,1625,2995,46,4.5,23484.0
B097R2V1W8,Bajaj,2599,5890,56,4.1,21783.0
B07YR26BJ3,KENT,1199,2000,40,4,14030.0
B097R45BH8,Bajaj,5499,13150,58,4.2,6398.0
B09X5C9VLK,Lifelong,1299,3500,63,3.8,44050.0
B01C8P29T4,Bajaj,599,785,24,4.2,24247.0
B00HVXS7WC,Bajaj,1999,3210,38,4.2,41349.0
B096YCN3SD,Lifelong,549,1000,45,3.6,1074.0
B09LQH3SD9,Lifelong,999,2000,50,3.8,1163.0
B09KNMLH4Y,R,398,1999,80,4.1,257.0
B00ABMASXG,Bajaj,539,720,25,4.1,36017.0
B07QDSN9V6,INALSA,699,1595,56,4.1,8090.0
B00YMJ0OI8,Prestige,2148,3645,41,4.1,31388.0
B0B8XNPQPN,Pigeon,3599,7950,55,4.2,136.0
B0814P4L98,PrettyKrafts,351,999,65,4,5380.0
B008QTK47Q,Philips,1614,1745,8,4.3,37974.0
B088ZTJT2R,Havells,719,1295,44,4.2,17218.0
B0BK1K598K,AGARO,678,1499,55,4.2,900.0
B09Y5FZK9N,Pigeon,809,1545,48,3.7,976.0
B09J2SCVQT,NutriPro,1969,5000,61,4.1,4927.0
B00TDD0YM4,Philips,1490,1695,12,4.4,3543.0
B078KRFWQB,Havells,2499,3945,37,3.8,2732.0
B07SRM58TP,AGARO,1665,2099,21,4,14368.0
B00EDJJ7FS,Philips,3229,5295,39,4.2,39724.0
B0832W3B7Q,Pigeon,1799,3595,50,3.8,9791.0
B07WNK1FFN,AGARO,1260,1699,26,4.2,2891.0
B009P2LK08,Bajaj,749,1129,34,4,2446.0
B07DGD4Z4C,Butterfly,3499,5795,40,3.9,25340.0
B07GMFY9QM,SOFLIN,379,999,62,4.3,3096.0
B0BGPN4GGH,Lifelong,1099,2400,54,3.8,4.0
B0B2DZ5S6R,Amazon,749,1299,42,4,119.0
B07S851WX5,Prestige,1299,1299,0,4.2,40106.0
B01MY839VW,Orient,549,1090,50,4.2,13029.0
B09LV1CMGH,Lifelong,899,2000,55,3.6,291.0
B01EY310UM,Philips,1321,1545,14,4.3,15453.0
B09NL7LBWT,Bulfyss,1099,1999,45,4,604.0
B008YW8M0G,Bajaj,775,875,11,4.2,46647.0
B097R3XH9R,Bajaj,6299,15270,59,4.1,3233.0
B08TM71L54,PHILIPS,3190,4195,24,4,1282.0
B0BPBXNQQT,Room,799,1989,60,4.3,70.0
B00W56GLOQ,Wonderchef,2699,5000,46,4,26164.0
B0883KDSXC,USHA,599,990,39,3.9,16166.0
B078V8R9BS,Butterfly,749,1111,33,4.2,35693.0
B08GSQXLJ2,Crompton,6199,10400,40,4.1,14391.0
B01M5B0TPW,Borosil,1819,2490,27,4.4,7946.0
B082KVTRW8,KENT,1199,1900,37,4,1765.0
B08CFJBZRK,Prestige,3249,6295,48,3.8,14062.0
B07H3WDC4X,Simxen,349,999,65,4,15646.0
B09ZTZ9N3Q,Amazon,1049,1699,38,3.1,111.0
B083P71WKK,HealthSense,799,1500,47,4.3,9695.0
B097R4D42G,Bajaj,4999,9650,48,4.2,1772.0
B07MKMFKPG,Bosch,6999,10590,34,4.4,11499.0
B0949FPSFY,Bulfyss,799,1999,60,4.1,2162.0
B08F47T4X5,VR,89,89,0,4.2,19621.0
B01M0505SJ,Orient,1400,2485,44,4.1,19998.0
B08D6RCM3Q,PrettyKrafts,355,899,61,4.1,1051.0
B009P2LITG,Bajaj,2169,3279,34,4.1,1716.0
B00V9NHDI4,Eureka,2799,3799,26,3.9,32931.0
B07WGPBXY9,Pigeon,899,1249,28,3.9,17424.0
B00KRCBA6E,Maharaja,2499,5000,50,3.8,1889.0
B0B3X2BY3M,Crompton,3599,7299,51,4,10324.0
B00F159RIK,Bajaj,499,625,20,4.2,5355.0
B08MV82R99,Bajaj,653,1020,36,4.1,3366.0
B09VKWGZD7,AGARO,4789,8990,47,4.3,1017.0
B009P2LK80,Bajaj,1409,1639,14,3.7,787.0
B00A7PLVU6,Orpat,753,899,16,4.2,18462.0
B0B25DJ352,GILTON,353,1199,71,4.3,629.0
B013B2WGT6,HealthSense,1099,1899,42,4.3,15276.0
B097RJ867P,PHILIPS,8799,11595,24,4.4,2981.0
B091V8HK8Z,Milton,1345,1750,23,3.8,2466.0
B071VNHMX2,Philips,2095,2095,0,4.5,7949.0
B08MVSGXMY,Crompton,1498,2300,35,3.8,95.0
B00H0B29DI,USHA,2199,2990,26,3.8,1558.0
B01GZSQJPA,Philips,3699,4295,14,4.1,26543.0
B08VGFX2B6,Kuber,177,199,11,4.1,3688.0
B09GYBZPHF,Lifelong,1149,2499,54,3.8,4383.0
B0B4KPCBSH,IKEA,244,499,51,3.3,478.0
B09CGLY5CX,Crompton,1959,2400,18,4,237.0
B09JN37WBX,Lint,319,749,57,4.6,124.0
B01I1LDZGA,Pigeon,1499,1775,16,3.9,14667.0
B0BN2576GQ,C,469,1599,71,3.7,6.0
B06XPYRWV5,Pigeon,1099,1795,39,4.2,4244.0
B01N1XVVLC,Bajaj,9590,15999,40,4.1,1017.0
B00O2R38C4,Luminous,999,1490,33,4.1,12999.0
B0B2CZTCL2,Wipro,1299,1999,35,3.8,311.0
B00PVT30YI,Kitchen,292,499,41,4.1,4238.0
B00SH18114,Ikea,160,299,46,4.6,2781.0
B00E9G8KOY,HUL,600,600,0,4.1,10907.0
B00H3H03Q4,HUL,1130,1130,0,4.2,13250.0
B0756K5DYZ,Prestige,3249,6295,48,3.9,43070.0
B0188KPKB2,Preethi,3599,9455,62,4.1,11828.0
B091KNVNS9,Themisto,368,699,47,4.1,1240.0
B075JJ5NQC,Butterfly,3199,4999,36,4,20869.0
B0B5KZ3C53,KENT,1599,2900,45,3.7,441.0
B09NTHQRW3,InstaCuppa,1999,2499,20,4.1,1034.0
B008YW3CYM,USHA,616,1190,48,4.1,37126.0
B07QHHCB27,KENT,1499,2100,29,4.1,6355.0
B0BMFD94VD,White,199,499,60,3.3,12.0
B00HZIOGXW,Crompton,610,825,26,4.1,13165.0
B09CKSYBLR,InstaCuppa,999,1499,33,4.1,1646.0
B072J83V9W,Philips,8999,9995,10,4.4,17994.0
B09MTLG4TP,SAIELLIN,453,999,55,4.3,610.0
B097XJQZ8H,Cookwell,2464,6000,59,4.1,8866.0
B00935MD1C,Prestige,2719,3945,31,3.7,13406.0
B0BR4F878Q,Swiffer,1439,1999,28,4.8,53803.0
B0B3G5XZN5,InstaCuppa,2799,3499,20,4.5,546.0
B07WKB69RS,Lifelong,2088,5550,62,4,5292.0
B09DL9978Y,Hindware,2399,4590,48,4.1,444.0
B06XMZV7RH,ATOM,308,499,38,3.9,4584.0
B09WMTJPG7,Crompton,2599,4400,41,4.1,14947.0
B09ZK6THRR,Croma,479,1000,52,4.2,1559.0
B07MP21WJD,Lint,245,299,18,4.1,1660.0
B09XB1R2F3,Portable,179,799,78,3.5,132.0
B08Y5QJXSR,atomberg,3569,5190,31,4.3,28629.0
B07WJXCTG9,Pigeon,699,1345,48,3.9,8446.0
B09NBZ36F7,Usha,2089,4000,48,4.2,11199.0
B0912WJ87V,Reffair,2339,4000,42,3.8,1118.0
B0BMTZ4T1D,!!1000,784,1599,51,4.5,11.0
B07Z51CGGH,Eureka,5499,9999,45,3.8,4353.0
B0BDG6QDYD,Activa,899,1990,55,4.1,185.0
B00YQLG7GK,PHILIPS,1695,1695,0,4.2,14290.0
B00SMJPA9C,Bajaj,499,940,47,4.1,3036.0
B0B9RN5X8B,V-Guard,2699,4700,43,4.2,1296.0
B08QW937WV,Homeistic,1448,2999,52,4.5,19.0
B0B4PPD89B,Kitchenwell,79,79,0,4,97.0
B08GM5S4CQ,Havells,6990,14290,51,4.4,1771.0
B00NM6MO26,Prestige,2698,3945,32,4,15034.0
B083M7WPZD,AGARO,3199,5999,47,4,3242.0
B07GLSKXS1,KENT,1199,1950,39,3.9,2832.0
B09F6KL23R,SKYTONE,1414,2799,49,4,1498.0
B094G9L9LT,KENT,999,1950,49,3.8,305.0
B09FZ89DK6,Eureka,5999,9999,40,4.2,1191.0
B0811VCGL5,Mi,9970,12999,23,4.3,4049.0
B07FXLC2G2,Tata,698,699,0,4.2,3160.0
B01LYU3BZF,Havells,2199,3190,31,4.3,9650.0
B083RC4WFJ,PrettyKrafts,320,799,60,4.2,3846.0
B09SFRNKSR,FABWARE,298,499,40,4.4,290.0
B07NRTCDS5,Brayden,1199,1499,20,3.8,2206.0
B07SPVMSC6,Bajaj,1399,2660,47,4.1,9349.0
B09H3BXWTK,Venus,599,2799,79,3.9,578.0
B0073QGKAS,Bajaj,1499,1499,0,4.3,9331.0
B08GJ57MKL,Coway,14400,59900,76,4.4,3837.0
B009DA69W6,KENT,1699,1900,11,3.6,11456.0
B099PR2GQJ,HOMEPACK,649,999,35,3.8,49.0
B08G8H8DPL,Bajaj,3249,6375,49,4,4978.0
B08VGM3YMF,Heart,199,499,60,4.1,1996.0
B08TTRVWKY,MILTON,1099,1899,42,4.3,1811.0
B07T4D9FNY,iBELL,664,1490,55,4,2198.0
B07RX42D3D,Tosaa,260,350,26,3.9,13127.0
B08WRKSF9D,V-Guard,6499,8500,24,4.4,5865.0
B09R83SFYV,Akiara®,1484,2499,41,3.7,1067.0
B07989VV5K,Usha,999,1560,36,3.6,4881.0
B07FL3WRX5,Wonderchef,3299,6500,49,3.7,11217.0
B0BPCJM7TB,WIDEWINGS,259,999,74,4,43.0
B08H673XKN,Morphy,3249,7795,58,4.2,4664.0
B07DXRGWDJ,Philips,4280,5995,29,3.8,2112.0
B08243SKCK,Vedini,189,299,37,4.2,2737.0
B09SPTNG58,Crompton,1449,2349,38,3.9,9019.0
B083J64CBB,Kuber,199,499,60,4,10234.0
B08JV91JTK,JM,474,1299,64,4.1,550.0
B0BQ3K23Y1,Oratech,279,499,44,4.8,28.0
B09MT94QLL,Havells,1999,4775,58,4.2,1353.0
B07NKNBTT3,Pick,799,1230,35,4.1,2138.0
B09KPXTZXN,Rico,949,1999,53,4,1679.0
B078HG2ZPS,Butterfly,3657.66,5156,29,3.9,12837.0
B07N2MGB3G,AGARO,1699,1999,15,4.1,8873.0
B008LN8KDM,Philips,1849,2095,12,4.3,7681.0
B08MZNT7GP,Havells,12499,19825,37,4.1,322.0
B009P2L7CO,Bajaj,1099,1920,43,4.2,9772.0
B07YC8JHMB,Aquasure,8199,16000,49,3.9,18497.0
B0BNQMF152,ROYAL,499,2199,77,3.7,53.0
B08J7VCT12,KENT,6999,14999,53,4.1,1728.0
B0989W6J2F,ENEM,1595,1799,11,4,2877.0
B0B84KSH3X,Wipro,1049,1950,46,3.8,250.0
B08HLC7Z3G,Inalsa,1182,2995,61,4.2,5178.0
B0BN6M3TCM,VRPRIME,499,999,50,4.6,79.0
B01L6MT7E0,Philips,8799,11995,27,4.1,4157.0
B0B9F9PT8R,Eopora,1529,2999,49,3.3,29.0
B0883LQJ6B,Usha,1199,1690,29,4.2,4580.0
B099Z83VRC,Wipro,1052,1790,41,4.3,1404.0
B00S9BSJC8,Philips,6499,8995,28,4.3,2810.0
B0B4SJKRDF,Kitchenwell,239,239,0,4.3,7.0
B0BM4KTNL1,FIGMENT,699,1599,56,4.7,1729.0
B08S6RKT4L,Balzano,2599,4290,39,4.4,2116.0
B09SZ5TWHW,Swiss,1547,2890,46,3.9,463.0
B0BLC2BYPX,Zuvexa,499,1299,62,4.7,54.0
B00P0R95EA,Usha,510,640,20,4.1,7229.0
B07W4HTS8Q,ACTIVA,1899,3790,50,3.8,3842.0
B078JBK4GX,Havells,2599,4560,43,4.4,646.0
B08S7V8YTN,Lifelong,1199,3500,66,4.3,1802.0
B07H5PBN54,INDIAS®™,999,2600,62,3.4,252.0
B07YCBSCYB,AmazonBasics,1999,3300,39,4.2,780.0
B098T9CJVQ,Sui,210,699,70,3.7,74.0
B01KCSGBU2,Philips,14499,23559,38,4.3,2026.0
B095XCRDQW,Esquire,950,1599,41,4.3,5911.0
B09CTWFV5W,PHILIPS,7199,9995,28,4.4,1964.0
B0B7NWGXS6,Havells,2439,2545,4,4.1,25.0
B07DZ986Q2,Philips,7799,8995,13,4,3160.0
B07KKJPTWB,Brayden,1599,1999,20,4.4,1558.0
B071R3LHFM,Wonderchef,2899,5500,47,3.8,8958.0
B086X18Q71,Usha,9799,12150,19,4.3,13251.0
B07WVQG8WZ,Black+Decker,3299,4995,34,3.8,1393.0
B0BFBNXS94,Personal,669,1499,55,2.3,13.0
B071113J7M,Sujata,5890,7506,22,4.5,7241.0
B09YLWT89W,Sure,9199,18000,49,4,16020.0
B0814LP6S9,PrettyKrafts,351,1099,68,3.7,1470.0
B07BKSSDR2,Dr,899,1900,53,4,3663.0
B09VGS66FV,Tesora,1349,1850,27,4.4,638.0
B07RCGTZ4M,AGARO,6236,9999,38,4.1,3552.0
B0747VDH9L,INALSA,2742,3995,31,4.4,11148.0
B08XLR6DSB,akiara,721,1499,52,3.1,2449.0
B08H6CZSHT,Philips,2903,3295,12,4.3,2299.0
B07CVR2L5K,INALSA,1656,2695,39,4.4,6027.0
B09J4YQYX3,Borosil,1399,2290,39,4.4,461.0
B0B2DD8BQ8,Wipro,2079,3099,33,4.1,282.0
B0123P3PWE,Rico,999,1075,7,4.1,9275.0
B08HDCWDXD,Eureka,3179,6999,55,4,743.0
B0836JGZ74,CSI,1049,2499,58,3.6,328.0
B0BCKJJN8R,Hindware,3599,7290,51,3.9,942.0
B008P7IF02,Morphy,4799,5795,17,3.9,3815.0
B08CNLYKW5,Lifelong,1699,3398,50,3.8,7988.0
B08C7TYHPB,iBELL,664,1490,55,4.1,925.0
B08VJFYH6N,BAJAJ,948,1620,41,4.1,4370.0
B08235JZFB,Crompton,850,1000,15,4.1,7619.0
B078XFKBZL,Prestige,600,640,6,3.8,2593.0
B01M265AAK,Morphy,3711,4495,17,4.3,356.0
B0B694PXQJ,Gadgetronics,799,2999,73,4.5,63.0
B00B3VFJY2,HUL,980,980,0,4.2,4740.0
B08W9BK4MD,Tom,351,899,61,3.9,296.0
B09X5HD5T1,Ikea,229,499,54,3.5,185.0
B08H6B3G96,Philips,3349,3995,16,4.3,1954.0
B09N3BFP4M,Bajaj,5499,11500,52,3.9,959.0
B09DSQXCM8,House,299,499,40,3.9,1015.0
B01M69WCZ6,Allin,2249,3550,37,4,3973.0
B0BM9H2NY9,Multifunctional,699,1599,56,4.7,2300.0
B099FDW2ZF,Maharaja,1235,1499,18,4.1,203.0
B0B935YNR7,KENT,1349,2999,55,3.8,441.0
B07JGCGNDG,Crompton,6800,11500,41,4.1,10308.0
B08L12N5H1,Eureka,2099,2499,16,|,992.0
B07GWTWFS2,KENT,1699,1975,14,4.1,4716.0
B09KRHXTLN,Candes,1069,1699,37,3.9,313.0
B09H34V36W,Inalsa,1349,2495,46,3.8,166.0
B09J2QCKKM,Havells,1499,3500,57,4.1,303.0
B09XRBJ94N,iBELL,2092,4600,55,4.3,562.0
B07SLNG3LW,Inalsa,3859,10295,63,3.9,8095.0
B0BNDGL26T,MR.,499,2199,77,2.8,109.0
B095PWLLY6,Crompton,1804,2380,24,4,15382.0
B07Y9PY6Y1,Sujata,6525,8820,26,4.5,5137.0
B0BJ966M5K,Aquadpure,4999,24999,80,4.6,124.0
B086GVRP63,Amazon,1189,2400,50,4.1,618.0
B08MVXPTDG,Crompton,2590,4200,38,4.1,63.0
B0BMZ6SY89,!!HANEUL!!1000,899,1599,44,3.4,15.0
B09P1MFKG1,Melbon,998,2999,67,4.6,9.0
B01LY9W8AF,Cello,998.06,1282,22,4.2,7274.0
B07ZJND9B9,ACTIVA,1099,1990,45,3.9,5911.0
B0B2CWRDB1,Shakti,5999,9999,40,4.2,170.0
B072NCN9M4,AMERICAN,8886,11850,25,4.2,3065.0
B08SKZ2RMG,Demokrazy,475,999,52,4.1,1021.0
B0B53DS4TF,Instant,4995,20049,75,4.8,3964.0
B08BJN4MP3,HUL,13999,24850,44,4.4,8948.0
B0BCYQY9X5,Livpure,8499,16490,48,4.3,97.0
B009UORDX4,Philips,949,975,3,4.3,7223.0
B08VGDBF3B,Kuber,395,499,21,4,330.0
B012ELCYUG,Preethi,635,635,0,4.3,4570.0
B07S9M8YTY,Usha,717,1390,48,4,4867.0
B0B19VJXQZ,ECOVACS,27900,59900,53,4.4,5298.0
B00SMFPJG0,Kent,649,670,3,4.1,7786.0
B0BHYLCL19,AVNISH,193,399,52,3.6,37.0
B0BPJBTB3F,Khaitan,1299,2495,48,2,2.0
B08MXJYB2V,USHA,2449,3390,28,4,5206.0
B081B1JL35,CSI,1049,2499,58,3.7,638.0
B09VL9KFDB,Havells,2399,4200,43,3.8,397.0
B0B1MDZV9C,INALSA,2286,4495,49,3.9,326.0
B08TT63N58,ROYAL,499,2199,77,3.1,3527.0
B08YK7BBD2,Nirdambhay,429,999,57,3,617.0
B07YQ5SN4H,Cello,299,595,50,4,314.0
B0B7FJNSZR,Proven®,5395,19990,73,4.4,535.0
B01N6IJG0F,Morphy,559,1010,45,4.1,17325.0
B0B84QN4CN,Wipro,660,1100,40,3.6,91.0
B0B8ZM9RVV,Zuvexa,419,999,58,4.4,227.0
B01892MIPA,AO,7349,10900,33,4.2,11957.0
B08ZHYNTM1,Havells,2899,4005,28,4.3,7140.0
B09SDDQQKP,INALSA,1799,3295,45,3.8,687.0
B0B5RP43VN,iBELL,1474,4650,68,4.1,1045.0
B096NTB9XT,Aquaguard,15999,24500,35,4,11206.0
B078JF6X9B,Havells,3645,6070,40,4.2,561.0
B08CGW4GYR,Milk,375,999,62,3.6,1988.0
B00A328ENA,Panasonic,2976,3945,25,4.2,3740.0
B0763K5HLQ,InstaCuppa,1099,1499,27,4.1,4401.0
B09PDZNSBG,Goodscity,2575,6700,62,4.2,611.0
B085LPT5F4,Solidaire,1649,2800,41,3.9,2162.0
B0B9RZ4G4W,Amazon,799,1699,53,4,97.0
B0085W2MUQ,Orpat,765,970,21,4.2,6055.0
B09474JWN6,HealthSense,999,1500,33,4.2,386.0
B09G2VTHQM,AGARO,587,1295,55,4.1,557.0
B07R679HTT,AGARO,12609,23999,47,4.4,2288.0
B00B7GKXMG,Wipro,699,850,18,4.1,1106.0
B07H3N8RJH,AmazonBasics,3799,6000,37,4.2,11935.0
B07K2HVKLL,Crompton,640,1020,37,4.1,5059.0
B09MQ9PDHR,SaiEllin,979,1999,51,3.9,157.0
B014HDJ7ZE,Bajaj,5365,7445,28,3.9,3584.0
B07D2NMTTV,Black,3199,3500,9,4.2,1899.0
B075K76YW1,Inalsa,979,1395,30,4.2,15252.0
B0BNLFQDG2,Longway,929,2199,58,3.7,4.0
B082ZQ4479,Prestige,3710,4330,14,3.7,1662.0
B09Y358DZQ,Pigeon,2033,4295,53,3.4,422.0
B09M3F4HGB,Borosil,9495,18990,50,4.2,79.0
B07VZH6ZBB,Crompton,7799,12500,38,4,5160.0
B07F366Z51,Singer,949,2385,60,4.1,2311.0
B077BTLQ67,Orient,2790,4890,43,3.9,588.0
B07YSJ7FF1,Crompton,645,1100,41,4,3271.0
B07TXCY3YK,Butterfly,2237.81,3899,43,3.9,11004.0
B07TC9F7PN,Racold,8699,16899,49,4.2,3195.0
B09NS5TKPN,LG,42990,75990,43,4.3,3231.0
B00LP9RFSU,Eureka,825,825,0,4,3246.0
B0B7L86YCB,Green,161,300,46,2.6,24.0
B09VPH38JS,SaleOn,697,1499,54,3.8,144.0
B01MUAUOCX,Sujata,688,747,8,4.5,2280.0
B09MB3DKG1,KHAITAN,2199,3999,45,3.5,340.0
B08QHLXWV3,Kenstar,6850,11990,43,3.9,144.0
B07G147SZD,NEXOMS,2699,3799,29,4,727.0
B09LH32678,JIALTO,899,1999,55,4,832.0
B09R1YFL6S,Candes,1090,2999,64,3.5,57.0
B07Q4NJQC5,Ionix,295,599,51,4,1644.0
B097RN7BBK,Kitchen,479,1999,76,3.4,1066.0
B097MKZHNV,Racold,2949,4849,39,4.2,7968.0
B07LG96SDB,ESN,335,510,34,3.8,3195.0
B08KS2KQTK,Pajaka®,293,499,41,4.1,1456.0
B095K14P86,Saiyam,599,1299,54,4.2,590.0
B08K36NZSV,KONVIO,499,999,50,4.3,1436.0
B07LDPLSZC,Havells,849,1190,29,4.2,4184.0
B07F1T31ZZ,Raffles,249,400,38,4.1,693.0
B0BNDRK886,IONIX,185,599,69,3.9,1306.0
B09ZVJXN5L,KNYUC,778,999,22,3.3,8.0
B08JKPVDKL,INKULTURE,279,699,60,4.3,2326.0
B09JFR8H3Q,Macmillan,215,1499,86,3.9,1004.0
B07LDN9Q2P,Havells,889,1295,31,4.3,6400.0
B08T8KWNQ9,TE™,1449,4999,71,3.6,63.0
B07Y1RCCW5,ZIGMA,1190,2550,53,3.8,1181.0
B0762HXMTF,KENT,1799,1950,8,3.9,1888.0
B00K57MR22,Sujata,6120,8478,28,4.6,6550.0
B07TTSS5MP,Lifelong,1799,3299,45,3.8,1846.0
B09ZDVL7L8,TTK,2199,3895,44,3.9,1085.0
B09XHXXCFH,AGARO,3685,5495,33,4.1,290.0
B0BL3R4RGS,VAPJA®,649,999,35,3.6,4.0
B07P1BR7L8,Philips,8599,8995,4,4.4,9734.0
B078WB1VWJ,Usha,1110,1599,31,4.3,4022.0
B0BP89YBC1,Campfire,1499,3500,57,4.7,2591.0
B09W9V2PXG,Themisto,759,1999,62,4.3,532.0
B09XTQFFCG,FYA,2669,3199,17,3.9,260.0
B08LVVTGZK,Lifelong,929,1300,29,3.9,1672.0
B07J2BQZD6,Kuber,199,399,50,3.7,7945.0
B07HK53XM4,Bulfyss,279,599,53,3.5,1367.0
B08RDWBYCQ,T,549,999,45,4,1313.0
B09FHHTL8L,Empty,85,199,57,4.1,212.0
B0BHNHMR3H,LONAXA,499,1299,62,3.9,65.0
B07D8VBYB4,SUJATA,5865,7776,25,4.4,2737.0
B0B3TBY2YX,AGARO,1260,2299,45,4.3,55.0
B088WCFPQF,Cafe,1099,1500,27,4.5,1065.0
B07JZSG42Y,Borosil,1928,2590,26,4,2377.0
B08YRMBK9R,Candes,3249,6299,48,3.9,2569.0
B00935MGHS,Prestige,1199,1795,33,4.2,5967.0
B07B5XJ572,iBELL,1456,3190,54,4.1,1776.0
B086199CWG,Maharaja,3349,4799,30,3.7,4200.0
B0BBWJFK5C,Shakti,4899,8999,46,4.1,297.0
B07GLS2563,Cello,1199,1899,37,4.2,3858.0
B09P182Z2H,AGARO,3290,5799,43,4.3,168.0
B0B59K1C8F,Wolpin,179,799,78,3.6,101.0
B06Y36JKC3,Abode,149,300,50,4.1,4074.0
B075S9FVRY,Sujata,5490,7200,24,4.5,1408.0
B08SJVD8QD,CARDEX,379,389,3,4.2,3739.0
B07FJNNZCJ,V-Guard,8699,13049,33,4.3,5891.0
B09MFR93KS,Bajaj,3041.67,5999,49,4,777.0
B07Y5FDPKV,KENT,1745,2400,27,4.2,14160.0
B0756KCV5K,Prestige,3180,5295,40,4.2,6919.0
B0BJ6P3LSK,Aqua,4999,24999,80,4.5,287.0
B09HS1NDRQ,PrettyKrafts,390,799,51,3.8,287.0
B018SJJ0GE,Libra,1999,2999,33,4.4,388.0
B09FPP3R1D,Glen,1624,2495,35,4.1,827.0
B01F7B2JCI,Dynore,184,450,59,4.2,4971.0
B09NNZ1GF7,Lint,445,999,55,4.3,229.0
B01CS4A5V4,Monitor,699,1690,59,4.1,3524.0
B0BL11S5QK,iBELL,1601,3890,59,4.2,156.0
B09BL2KHQW,KENT,231,260,11,4.1,490.0
B081RLM75M,LACOPINE,369,599,38,3.9,82.0
B07SYYVP69,iBELL,809,1950,59,3.9,710.0
B0BDZWMGZ1,Activa,1199,2990,60,3.8,133.0
B078JT7LTD,Sujata,6120,8073,24,4.6,2751.0
B09WF4Q7B3,Wipro,1799,2599,31,3.6,771.0
B092R48XXB,Mi,18999,29999,37,4.1,2536.0
B00KIDSU8S,Havells,1999,2360,15,4.2,7801.0
B0977CGNJJ,AGARO,5999,11495,48,4.3,534.0
B08WWKM5HQ,Crompton,2599,4780,46,3.9,898.0
B015GX9Y0W,Lifelong,1199,2400,50,3.9,1202.0
B089BDBDGM,Kuber,219,249,12,4,1108.0
B0BPBG712X,"Portable,",799,1199,33,4.4,17.0
B00JBNZPFM,Karcher,6199,10999,44,4.2,10429.0
B08N6P8G5K,INALSA,6790,10995,38,4.5,3192.0
B07NPBG1B4,AmazonBasics,1982.84,3300,40,4.1,5873.0
B01MRARGBW,Eco,199,400,50,4.1,1379.0
B07VZYMQNZ,Borosil,1180,1440,18,4.2,1527.0
B01L7C4IU2,Havells,2199,3045,28,4.2,2686.0
B09H7JDJCW,PHILIPS,2999,3595,17,4,178.0
B07F6GXNPB,Eureka,253,500,49,4.3,2664.0
B0B97D658R,Larrito,499,799,38,3.6,212.0
B09NFSHCWN,Hilton,1149,1899,39,3.5,24.0
B076VQS87V,Syska,457,799,43,4.3,1868.0
B09LMMFW3S,IKEA,229,399,43,3.6,451.0
B0BBLHTRM9,IONIX,199,699,72,2.9,159.0
B0BJYSCWFQ,Kitchengenix's,899,1999,55,4.2,39.0
B0187F2IOK,Bajaj,1499,2199,32,4.4,6531.0
B0B8CB7MHW,KNOWZA,426,999,57,4.1,222.0
B07K19NYZ8,Usha,2320,3290,29,3.8,195.0
B08ZXZ362Z,akiara,1563,3098,50,3.5,2283.0
B00GHL8VP2,USHA,3487.77,4990,30,4.1,1127.0
B0B9JZW1SQ,4,498,1200,59,3.2,113.0
B00TI8E7BI,Philips,2695,2695,0,4.4,2518.0
B07J9KXQCC,Libra,949,2299,59,3.6,550.0
B0B3JSWG81,NGI,199,999,80,3.1,2.0
B08L7J3T31,Noir,379,919,59,4,1090.0
B01M6453MB,Prestige,2280,3045,25,4.1,4118.0
B009P2LIL4,Bajaj,2219,3080,28,3.6,468.0
B00J5DYCCA,Havells,1399,1890,26,4,8031.0
B01486F4G6,Borosil,2863,3690,22,4.3,6987.0
